id;session_id;report_type;group_number;content;created_at;status
6a023589-ac74-4550-81a4-745c87eda24c;126aa9d7-3a21-441a-bf51-0c97f6cf96ce;group;13;"**組別：** 第 13 組
**組員：** 蔡俊傑、周明輝
**已分析筆記數：** 2/2
**查經經文：** 太 3:1-4
---
**📖 主題：**
愛的冒險旅程、恩典無限供應

**🔍 事實發現：**
*   看到群眾的反應和耶穌形成對比。
*   注意到人物的轉變過程很戲劇化。

**💡 獨特亮光：**
*   👤 蔡俊傑：第五節讓我心跳加速！
*   👤 周明輝：這是我今年最需要的提醒。

**🎯 如何應用：**
未填寫
---
**👤 個人貢獻摘要：**
*   **蔡俊傑：**提出主題「愛的冒險旅程」，並觀察到群眾反應與耶穌的對比。
*   **周明輝：**提出主題「恩典無限供應」，並注意到人物轉變過程的戲劇化。";2026-01-27 15:30:48.001972+00;COMPLETED
ba39b30e-2ab9-4e5f-8ca7-165d2c227d3e;c76fe9c9-f2c1-445c-abc2-fe9bede2c2a1;group;10;"**組別：** 第 10 組
**組員：** 鄭俊宏、郭家豪、黃怡君、賴芷晴
**已分析筆記數：** 4/4
**查經經文：** 太 7:7-17
---
**📖 主題：**
* 愛的冒險旅程
* 勇氣的代價
* 恩典無限供應

**🔍 事實發現：**
* 神的信實貫穿整個故事
* 群眾的反應和耶穌形成對比
* 人物的轉變過程很戲劇化

**💡 獨特亮光：**
* 👤 鄭俊宏：這是我今年最需要的提醒。
* 👤 郭家豪：第五節讓我心跳加速！
* 👤 黃怡君：這句話深深觸動我的心；跟我以前理解的完全不同；學者們對這段經文有不同的解讀。
* 👤 賴芷晴：第五節讓我心跳加速！

**🎯 如何應用：**
* 這週每天早起10分鐘禱告

---
**👤 個人貢獻摘要：**
* 鄭俊宏：分享了經文帶給他的提醒，並觀察到神的信實。
* 郭家豪：對經文中的某節有強烈感受，並觀察到神的信實。
* 黃怡君：對經文有深刻的個人感受和新的理解，並計劃透過禱告應用。
* 賴芷晴：對經文中的某節有強烈感受，並注意到人物的轉變。";2026-01-27 16:44:01.072309+00;COMPLETED
a9795d07-f238-40ad-a970-16b951cfc817;c76fe9c9-f2c1-445c-abc2-fe9bede2c2a1;group;12;"**組別：** 第 12 組
**組員：** 周冠宇、吳思穎、鄭宇軒、陳明輝
**已分析筆記數：** 4/4
**查經經文：** 太 7:7-17
---
**📖 主題：**
*   逆轉勝的故事
*   從灰燼中重生
*   勇氣的代價
*   信心的飛躍

**🔍 事實發現：**
*   注意到人物的轉變過程很戲劇化
*   看到了一個勇敢的人面對困難
*   看到群眾的反應和耶穌形成對比
*   發現神的信實貫穿整個故事

**💡 獨特亮光：**
*   👤 周冠宇：原來神的心意是這樣的 (PROMISE)
*   👤 吳思穎：這個發現讓我重新思考信仰 (COMMAND)
*   👤 鄭宇軒：跟我以前理解的完全不同 (PROMISE)
*   👤 陳明輝：跟我以前理解的完全不同 (WARNING)

**🎯 如何應用：**
*   找一個朋友分享這段經文
*   寫一封感謝信給神
*   實踐一次服務他人的行動

---
**👤 個人貢獻摘要：**
*   **周冠宇：** 觀察到人物轉變的戲劇性，並從經文中領受了神的應許。
*   **吳思穎：** 經文觸動內心，看到勇敢面對困難的人，並從中思考信仰。
*   **鄭宇軒：** 經文觸動內心，觀察到群眾與耶穌的對比，並從中得到新的理解。
*   **陳明輝：** 感覺神直接對話，發現神的信實，並從經文中得到新的理解。";2026-01-27 16:44:02.023776+00;COMPLETED
439c4d68-6800-4fcc-a125-1db0aaf57057;c76fe9c9-f2c1-445c-abc2-fe9bede2c2a1;group;15;"**組別：** 第 15 組
**組員：** 蔡怡君、鄭家豪、張佳穎、鄭俊宏
**已分析筆記數：** 4/4
**查經經文：** 太 7:7-17
---
**📖 主題：**
* 從灰燼中重生
* 愛的冒險旅程
* 恩典無限供應

**🔍 事實發現：**
* 人物的轉變過程很戲劇化
* 群眾的反應和耶穌形成對比

**💡 獨特亮光：**
* 👤 蔡怡君：跟我以前理解的完全不同
* 👤 張佳穎：跟我以前理解的完全不同
* 👤 鄭俊宏：這個發現讓我重新思考信仰

**🎯 如何應用：**
* 這週每天早起10分鐘禱告
* 實踐一次服務他人的行動
* 找一個朋友分享這段經文

---
**👤 個人貢獻摘要：**
* 蔡怡君：心跳經節深深觸動，核心洞察與以往理解不同，計劃每天早起禱告。
* 鄭家豪：心跳經節是今年最需要的提醒，觀察到人物轉變戲劇化。
* 張佳穎：感覺神在直接對她說話，觀察到群眾與耶穌的對比，計劃實踐服務他人的行動。
* 鄭俊宏：第五節讓他心跳加速，核心洞察讓他重新思考信仰，計劃找朋友分享經文。";2026-01-27 16:44:02.157285+00;COMPLETED
575598b6-bd38-40e2-9e91-df0fe07e3455;c76fe9c9-f2c1-445c-abc2-fe9bede2c2a1;group;17;"**組別：** 第 17 組
**組員：** 黃宜蓁、黃彥廷、張雅琪、許詩涵
**已分析筆記數：** 4/4
**查經經文：** 太 7:7-17
---
**📖 主題：**
*   恩典無限供應
*   勇氣的代價
*   愛的冒險旅程

**🔍 事實發現：**
*   注意到人物的轉變過程很戲劇化。
*   看到了一個勇敢的人面對困難。
*   發現神的信實貫穿整個故事。

**💡 獨特亮光：**
*   👤 黃宜蓁：原來神的心意是這樣的。
*   👤 黃彥廷：跟我以前理解的完全不同。
*   👤 張雅琪：Feeling the burn on this verse! 💪
*   👤 許詩涵：原來神的心意是這樣的。

**🎯 如何應用：**
*   這週每天早起10分鐘禱告。

---
**👤 個人貢獻摘要：**
*   黃宜蓁：心跳經節深深觸動我的心，核心洞察是關於神的屬性，並提到ChatGPT對經文的重點分析。
*   黃彥廷：心跳經節感覺神在直接對我說話，核心洞察是關於神的屬性，並提到注釋書的文化背景。
*   張雅琪：心跳經節是今年最需要的提醒，核心洞察是關於神的應許，並分享了行動計劃和對小組的感謝。
*   許詩涵：心跳經節是第五節讓她心跳加速，核心洞察是關於神的命令，並提到Google搜尋的歷史背景。";2026-01-27 16:44:02.743757+00;COMPLETED
532286f6-ab9b-4f9c-9c2b-f2c3388cf49b;c76fe9c9-f2c1-445c-abc2-fe9bede2c2a1;group;19;"**組別：** 第 19 組
**組員：** 林佳穎、廖家豪、劉芷晴、林雅琪
**已分析筆記數：** 4/4
**查經經文：** 太 7:7-17
---
**📖 主題：**
* 勇氣的代價
* 愛的冒險旅程
* 信心的飛躍

**🔍 事實發現：**
* 神的信實貫穿整個故事
* 人物的轉變過程很戲劇化

**💡 獨特亮光：**
* 👤 林佳穎：感覺神在直接對我說話。
* 👤 廖家豪：這是我今年最需要的提醒。
* 👤 劉芷晴：這是我今年最需要的提醒。
* 👤 林雅琪：這是我今年最需要的提醒。

**🎯 如何應用：**
* 寫一封感謝信給神
* 下週想繼續深入研究這個主題

---
**👤 個人貢獻摘要：**
* **林佳穎：** 觀察到神的信實，並感覺經文直接對她說話，計劃寫感謝信給神。
* **廖家豪：** 認為經文是他今年最需要的提醒，並注意到人物轉變的戲劇性。
* **劉芷晴：** 認為經文是他今年最需要的提醒，並觀察到神的信實。
* **林雅琪：** 認為經文是他今年最需要的提醒，並觀察到神的信實，計劃寫感謝信給神。";2026-01-27 16:44:05.645603+00;COMPLETED
a7cc28b0-9643-4bbf-ac47-047e503cbb68;83de0b7f-6899-44d7-9b07-9cdd7890a4f4;group;1;"**組別：** 第 1 組
**組員：** Anne Lee、松小貓
**已分析筆記數：** 2/2
**查經經文：** 箴言 3:1-3
---
**📖 主題：**
父親對兒子的教誨與叮嚀。

**🔍 事實發現：**
*   這是所羅門的叮嚀。
*   經文提到兒子與父親的關係：神的慈愛、誠實與命令，會使我們長久並有平安。
*   根據馬唐納注釋，順服父母會活得更長，這應驗了第五誡：孝敬父母，就能得長壽。

**💡 獨特亮光：**
*   👤 Anne Lee：不可倚靠自己，要全心信靠耶和華。
*   👤 松小貓：神命令我們不要忘記祂的教誨，要把祂的慈愛與誠實像一條脆弱的項鍊一樣謹慎保護。我們很有可能會疏忽或忘記，所以要好好保護。神是一位非常愛我們的父親。

**🎯 如何應用：**
*   跟神禱告。
*   要更謹慎地保護神所給的愛，以及祂的慈愛與誠信。
---
**👤 個人貢獻摘要：**
*   **Anne Lee：** 提出不可倚靠自己的悟性，要全心信靠耶和華，並為此向神禱告。
*   **松小貓：** 分享要將神的慈愛與誠實像項鍊一樣謹慎保護，並認知到神是一位慈愛的父親。";2026-01-27 15:00:46.537857+00;COMPLETED
5db325c4-7b42-4636-9482-e5a92685fe25;126aa9d7-3a21-441a-bf51-0c97f6cf96ce;group;2;"**組別：** 第 2 組
**組員：** 李婷婷、謝淑芬、楊俊傑、楊國強、周欣怡
**已分析筆記數：** 5/5
**查經經文：** 太 3:1-4
---
**📖 主題：**
*   信心的飛躍
*   勇氣的代價
*   逆轉勝的故事
*   愛的冒險旅程

**🔍 事實發現：**
*   發現神的信實貫穿整個故事。
*   看到了一個勇敢的人面對困難。
*   注意到人物的轉變過程很戲劇化。

**💡 獨特亮光：**
*   👤 謝淑芬：原來神的心意是這樣的。
*   👤 楊俊傑：這個發現讓我重新思考信仰。
*   👤 楊國強：跟我以前理解的完全不同。
*   👤 周欣怡：跟我以前理解的完全不同。
*   👤 李婷婷：未填寫

**🎯 如何應用：**
*   找一個朋友分享這段經文。
*   寫一封感謝信給神。
*   實踐一次服務他人的行動。
---
**👤 個人貢獻摘要：**
*   **李婷婷：** 提出主題「信心的飛躍」，並觀察到神的信實貫穿整個故事。
*   **謝淑芬：** 提出主題「勇氣的代價」，分享核心洞察，並計劃找朋友分享經文。
*   **楊俊傑：** 提出主題「信心的飛躍」，觀察到人物轉變的戲劇化，並分享了核心洞察。
*   **楊國強：** 提出主題「逆轉勝的故事」，分享核心洞察，並計劃寫感謝信給神。
*   **周欣怡：** 提出主題「愛的冒險旅程」，分享核心洞察，並計劃服務他人。";2026-01-27 15:30:09.551953+00;COMPLETED
2fca940e-f90c-4ae8-a209-2a6d39011ce4;126aa9d7-3a21-441a-bf51-0c97f6cf96ce;group;4;"**組別：** 第 4 組
**組員：** 鄭詩涵、謝宇軒、王芷晴、蔡文傑
**已分析筆記數：** 4/4
**查經經文：** 太 3:1-4
---
**📖 主題：**
從灰燼中重生、逆轉勝的故事、勇氣的代價。

**🔍 事實發現：**
*   發現神的信實貫穿整個故事。
*   看到群眾的反應和耶穌形成對比。
*   注意到人物的轉變過程很戲劇化。

**💡 獨特亮光：**
*   👤 鄭詩涵：跟我以前理解的完全不同。
*   👤 謝宇軒：Feeling the burn on this verse! 💪
*   👤 王芷晴：跟我以前理解的完全不同。
*   👤 蔡文傑：跟我以前理解的完全不同。

**🎯 如何應用：**
*   實踐一次服務他人的行動。
*   這週每天早起10分鐘禱告。
*   找一個朋友分享這段經文。
---
**👤 個人貢獻摘要：**
*   **鄭詩涵：** 提出「從灰燼中重生」的主題，觀察到神的信實，並計劃服務他人。
*   **謝宇軒：** 提出「逆轉勝的故事」主題，觀察到群眾與耶穌的對比，並計劃服務他人。
*   **王芷晴：** 提出「逆轉勝的故事」主題，觀察到人物的轉變，並計劃每天早起禱告。
*   **蔡文傑：** 提出「勇氣的代價」主題，觀察到人物的轉變，並計劃與朋友分享經文。";2026-01-27 15:30:12.522556+00;COMPLETED
ef68ef24-499c-46a7-bd3f-45c90e16e57f;83de0b7f-6899-44d7-9b07-9cdd7890a4f4;overall;0;"**組別：** 第 1 組
**組員：** Anne Lee、松小貓
**已分析筆記數：** 2/2
**查經經文：** 箴言 3:1-3
---
**📖 主題：**
父親對兒子的叮嚀，不要忘記其教誨。

**🔍 事實發現：**
經文作者是所羅門。內容描述兒子跟父親的關係，神的慈愛、誠實與命令，會使人長久並有平安。根據馬唐納注釋，順服父母會活得更長，這應驗了孝敬父母得長壽的誡命。

**💡 獨特亮光：**
👤 Anne Lee：要全心信靠耶和華，不可倚靠自己的悟性。（箴言 3:5）
👤 松小貓：神的慈愛和誠實如項鍊繫在脖子上，要謹慎保護，因為我們可能會疏忽、忘記或破壞它。神是一位非常愛我們的父親。

**🎯 如何應用：**
跟神禱告，並要更謹慎地保護神所給的愛、慈愛與誠信。
---
**👤 個人貢獻摘要：**
**Anne Lee：** 提出要全心信靠神、不可倚靠自己，並計畫跟神禱告。
**松小貓：** 觀察到神的慈愛與誠實如項鍊需謹慎保護，並決定要更謹慎地保護神的愛。";2026-01-27 15:02:19.012784+00;COMPLETED
45588e85-f5f6-4262-92a3-dd2a93bbd81e;126aa9d7-3a21-441a-bf51-0c97f6cf96ce;group;5;"**組別：** 第 5 組
**組員：** 周彥廷、王國強、黃偉強、林佳慧
**已分析筆記數：** 4/4
**查經經文：** 太 3:1-4
---
**📖 主題：**
信心的飛躍、恩典無限供應、逆轉勝的故事。

**🔍 事實發現：**
*   看到群眾的反應和耶穌形成對比。
*   看到了一個勇敢的人面對困難。
*   發現神的信實貫穿整個故事。
*   注意到人物的轉變過程很戲劇化。

**💡 獨特亮光：**
*   👤 周彥廷：看到群眾的反應和耶穌形成對比。
*   👤 王國強：這個發現讓我重新思考信仰。根據 Google 搜尋，這段經文的歷史背景是...
*   👤 黃偉強：發現神的信實貫穿整個故事。
*   👤 林佳慧：這個發現讓我重新思考信仰。注釋書提到當時的文化背景...

**🎯 如何應用：**
找一個朋友分享這段經文。
---
**👤 個人貢獻摘要：**
*   **周彥廷：**提出了「信心的飛躍」主題，並觀察到群眾與耶穌的對比。
*   **王國強：**提出了「恩典無限供應」主題，並分享了關於經文歷史背景的搜尋。
*   **黃偉強：**提出了「信心的飛躍」主題，並觀察到神的信實。
*   **林佳慧：**提出了「逆轉勝的故事」主題，分享了注釋書的觀點，並設定了分享經文的行動計劃。";2026-01-27 15:30:15.638952+00;COMPLETED
1165b2dc-0c69-4bf4-ac1e-50d6e6d9e91c;126aa9d7-3a21-441a-bf51-0c97f6cf96ce;group;1;"**組別：** 第 1 組
**組員：** 曾雅雯、陳雅琪、林志偉、林雅雯
**已分析筆記數：** 4/4
**查經經文：** 太 3:1-4
---
**📖 主題：**
*   逆轉勝的故事
*   信心的飛躍
*   從灰燼中重生
*   勇氣的代價

**🔍 事實發現：**
*   看到群眾的反應和耶穌形成對比。（曾雅雯、林志偉）
*   注意到人物的轉變過程很戲劇化。（陳雅琪、林雅雯）

**💡 獨特亮光：**
*   👤 曾雅雯：這個發現讓我重新思考信仰。
*   👤 陳雅琪：這個發現讓我重新思考信仰。
*   👤 林志偉：未填寫
*   👤 林雅雯：Feeling the burn on this verse! 💪

**🎯 如何應用：**
*   寫一封感謝信給神。（曾雅雯、林雅雯）
*   實踐一次服務他人的行動。（陳雅琪）
---
**👤 個人貢獻摘要：**
*   **曾雅雯：** 提出主題「逆轉勝的故事」，觀察到群眾與耶穌的對比，並計劃寫感謝信給神。
*   **陳雅琪：** 提出主題「信心的飛躍」，觀察到人物的轉變，並計劃服務他人。
*   **林志偉：** 提出主題「從灰燼中重生」，並觀察到群眾與耶穌的對比。
*   **林雅雯：** 提出主題「勇氣的代價」，分享了個人感受的亮光，並計劃寫感謝信給神。";2026-01-27 15:30:16.940219+00;COMPLETED
2b11a47c-063c-480f-8cb2-243d70cd82be;126aa9d7-3a21-441a-bf51-0c97f6cf96ce;group;3;"**組別：** 第 3 組
**組員：** 邱芷晴、李雅雯、廖志偉、洪志偉
**已分析筆記數：** 4/4
**查經經文：** 太 3:1-4
---
**📖 主題：**
愛的冒險旅程、勇氣的代價、逆轉勝的故事。

**🔍 事實發現：**
*   發現神的信實貫穿整個故事。
*   看到群眾的反應和耶穌形成對比。
*   看到了一個勇敢的人面對困難。

**💡 獨特亮光：**
*   👤 邱芷晴：原來神的心意是這樣的。
*   👤 李雅雯：原來神的心意是這樣的。
*   👤 廖志偉：Feeling the burn on this verse! 💪
*   👤 洪志偉：未填寫

**🎯 如何應用：**
*   這週每天早起10分鐘禱告。
*   實踐一次服務他人的行動。
---
**👤 個人貢獻摘要：**
*   **邱芷晴：**提出主題「愛的冒險旅程」，觀察到神的信實，並計劃每天禱告。
*   **李雅雯：**提出主題「勇氣的代價」，觀察到群眾與耶穌的對比，並分享洞察。
*   **廖志偉：**提出主題「勇氣的代價」，觀察到神的信實，並計劃服務他人。
*   **洪志偉：**提出主題「逆轉勝的故事」，並觀察到一個勇敢面對困難的人。";2026-01-27 15:30:17.521879+00;COMPLETED
02b8efe1-b6cb-4f01-99b1-e9c52fb37417;126aa9d7-3a21-441a-bf51-0c97f6cf96ce;group;9;"**組別：** 第 9 組
**組員：** 黃文傑、蔡佳穎、劉柏翰、松小貓
**已分析筆記數：** 4/4
**查經經文：** 太 3:1-4
---
**📖 主題：**
恩典無限供應、逆轉勝的故事、愛的冒險旅程、信心的飛躍。

**🔍 事實發現：**
看到了一個勇敢的人面對困難。發現神的信實貫穿整個故事。

**💡 獨特亮光：**
*   👤 黃文傑：這個發現讓我重新思考信仰。
*   👤 蔡佳穎：原來神的心意是這樣的。
*   👤 劉柏翰：未填寫
*   👤 松小貓：Feeling the burn on this verse! 💪

**🎯 如何應用：**
實踐一次服務他人的行動、每天都早點睡覺。
---
**👤 個人貢獻摘要：**
*   **黃文傑：** 提出主題「恩典無限供應」，觀察到一個勇敢的人，並計劃服務他人。
*   **蔡佳穎：** 提出主題「逆轉勝的故事」，觀察到神的信實，並分享了對神心意的洞察。
*   **劉柏翰：** 提出主題「愛的冒險旅程」，並觀察到神的信實。
*   **松小貓：** 提出主題「信心的飛躍」，觀察到神的信實，並計劃每天早點睡覺。";2026-01-27 15:30:18.143854+00;COMPLETED
cc7c0109-1acd-4487-9350-29e1d9aa0cd6;126aa9d7-3a21-441a-bf51-0c97f6cf96ce;group;6;"**組別：** 第 6 組
**組員：** 黃俊傑、賴志明、王宇軒、邱志偉
**已分析筆記數：** 4/4
**查經經文：** 太 3:1-4
---
**📖 主題：**
恩典無限供應、愛的冒險旅程、逆轉勝的故事。

**🔍 事實發現：**
經文觀察包含：看到了一個勇敢的人面對困難、發現神的信實貫穿整個故事、看到群眾的反應和耶穌形成對比。學者筆記提到，注釋書有說明當時的文化背景，且學者們對這段經文有不同的解讀。

**💡 獨特亮光：**
👤 黃俊傑：這是我今年最需要的提醒。
👤 賴志明：第五節讓我心跳加速！這跟我以前理解的完全不同。
👤 王宇軒：這是我今年最需要的提醒，這個發現讓我重新思考信仰。
👤 邱志偉：第五節讓我心跳加速！這跟我以前理解的完全不同。

**🎯 如何應用：**
找一個朋友分享這段經文、為家人禱告、下週想繼續深入研究這個主題。
---
**👤 個人貢獻摘要：**
**黃俊傑：** 提出主題「恩典無限供應」，觀察到經文中勇敢面對困難的人。
**賴志明：** 提出主題「愛的冒險旅程」，觀察到神的信實，並提到內容與他過去的理解完全不同。
**王宇軒：** 提出主題「逆轉勝的故事」，觀察到群眾與耶穌的對比，並計劃分享經文及為家人禱告。
**邱志偉：** 提出主題「恩典無限供應」，觀察到群眾與耶穌的對比，並計劃分享經文及繼續深入研究。";2026-01-27 15:30:22.247101+00;COMPLETED
a38c5fcd-6171-4aae-bf2a-d90fd54ae986;c76fe9c9-f2c1-445c-abc2-fe9bede2c2a1;group;5;"**組別：** 第 5 組
**組員：** 王思穎、林家豪、洪志偉、許美玲
**已分析筆記數：** 4/4
**查經經文：** 太 7:7-17
---
**📖 主題：**
* 勇氣的代價
* 恩典無限供應
* 從灰燼中重生

**🔍 事實發現：**
* 神的信實貫穿整個故事
* 群眾的反應和耶穌形成對比

**💡 獨特亮光：**
* 👤 王思穎：感覺神在直接對我說話。
* 👤 林家豪：感覺神在直接對我說話。
* 👤 洪志偉：這是我今年最需要的提醒。
* 👤 許美玲：這是我今年最需要的提醒。

**🎯 如何應用：**
* 實踐一次服務他人的行動

---
**👤 個人貢獻摘要：**
* **王思穎：** 觀察到神的信實，並對經文有深刻感受。
* **林家豪：** 觀察到神的信實，並領悟到神的心意。
* **洪志偉：** 觀察到神的信實，並重新思考信仰。
* **許美玲：** 觀察到群眾與耶穌的對比，並計劃實踐服務他人的行動。";2026-01-27 16:44:05.482138+00;COMPLETED
ff82f71f-b604-4dd4-82fa-147316430f2a;126aa9d7-3a21-441a-bf51-0c97f6cf96ce;group;10;"**組別：** 第 10 組
**組員：** 王明輝、廖宇軒、劉志偉、楊小萱
**已分析筆記數：** 4/4
**查經經文：** 太 3:1-4
---
**📖 主題：**
信心的飛躍、逆轉勝的故事、勇氣的代價

**🔍 事實發現：**
*   看到群眾的反應和耶穌形成對比。
*   發現神的信實貫穿整個故事。
*   注意到人物的轉變過程很戲劇化。
*   根據 Google 搜尋，經文有其歷史背景。
*   注釋書提到當時的文化背景。
*   ChatGPT 提到經文有三個重點。

**💡 獨特亮光：**
*   👤 王明輝：這是我今年最需要的提醒。
*   👤 廖宇軒：這個發現讓我重新思考信仰。
*   👤 劉志偉：Feeling the burn on this verse! 💪
*   👤 楊小萱：Feeling the burn on this verse! 💪

**🎯 如何應用：**
未提及。
---
**👤 個人貢獻摘要：**
*   **王明輝：**提出主題「信心的飛躍」，並觀察到群眾與耶穌的反應對比。
*   **廖宇軒：**提出主題「逆轉勝的故事」，觀察到神的信實，並分享這讓他重新思考信仰。
*   **劉志偉：**分享了「逆轉勝的故事」主題，並從注釋書中找到文化背景資料。
*   **楊小萱：**提出主題「勇氣的代價」，並注意到人物轉變的戲劇性。";2026-01-27 15:30:20.795775+00;COMPLETED
e89d1714-51d5-443d-973b-df89878cf473;126aa9d7-3a21-441a-bf51-0c97f6cf96ce;group;12;"**組別：** 第 12 組
**組員：** 廖雅婷、郭雅婷
**已分析筆記數：** 2/2
**查經經文：** 太 3:1-4
---
**📖 主題：**
*   恩典無限供應
*   愛的冒險旅程

**🔍 事實發現：**
*   看到群眾的反應和耶穌形成對比。
*   發現神的信實貫穿整個故事。
*   學者們對這段經文有不同的解讀。

**💡 獨特亮光：**
*   👤 廖雅婷：第五節讓她心跳加速。
*   👤 郭雅婷：經文內容跟她以前的理解完全不同。

**🎯 如何應用：**
*   找一個朋友分享這段經文。
*   發現自己需要更多安靜的時間。
---
**👤 個人貢獻摘要：**
*   **廖雅婷：** 提出主題「恩典無限供應」，並觀察到群眾反應與耶穌的對比。
*   **郭雅婷：** 提出主題「愛的冒險旅程」，觀察到神的信實，並計劃找朋友分享經文。";2026-01-27 15:30:43.910393+00;COMPLETED
e8b83b99-7fc8-4fc5-bd56-3c3a64184fa8;126aa9d7-3a21-441a-bf51-0c97f6cf96ce;group;11;"**組別：** 第 11 組
**組員：** 楊美玲、鄭思穎、周雨晴、曾雅雯、賴雅琪
**已分析筆記數：** 5/5
**查經經文：** 太 3:1-4
---
**📖 主題：**
逆轉勝的故事、勇氣的代價、恩典無限供應

**🔍 事實發現：**
注意到人物的轉變過程很戲劇化。看到了一個勇敢的人面對困難。看到群眾的反應和耶穌形成對比。

**💡 獨特亮光：**
👤 楊美玲：原來神的心意是這樣的。
👤 鄭思穎：跟我以前理解的完全不同。
👤 周雨晴：跟我以前理解的完全不同。
👤 曾雅雯：跟我以前理解的完全不同。
👤 賴雅琪：原來神的心意是這樣的。

**🎯 如何應用：**
找一個朋友分享這段經文。
---
**👤 個人貢獻摘要：**
楊美玲：提出主題「逆轉勝的故事」，觀察到人物轉變的戲劇化，並分享關於神心意的洞察。
鄭思穎：提出主題「勇氣的代價」，觀察到人物轉變的戲劇化，並分享她的理解與以往不同。
周雨晴：提出主題「勇氣的代價」，觀察到一個勇敢的人面對困難，並計劃與朋友分享經文。
曾雅雯：提出主題「逆轉勝的故事」，觀察到群眾與耶穌的對比，並分享她的理解與以往不同。
賴雅琪：提出主題「恩典無限供應」，觀察到人物轉變的戲劇化，並計劃與朋友分享經文。";2026-01-27 15:30:51.260595+00;COMPLETED
11c8bf29-9884-4be1-a2df-0de93d4c5b5e;126aa9d7-3a21-441a-bf51-0c97f6cf96ce;overall;0;"**組別：** 第 1, 2, 3, 4, 5, 6, 7, 8, 9, 10, 11, 12, 13 組
**組員：** 賴彥廷、周彥廷、蔡俊傑、邱芷晴、黃文傑、王明輝、曾雅雯、李婷婷、吳柏翰、鄭詩涵、王國強、廖宇軒、李雅雯、黃俊傑、廖志偉、陳雅琪、鄭思穎、賴志明、楊美玲、鄭美玲、廖雅婷、蔡佳穎、陳偉強、林志偉、劉柏翰、周明輝、黃偉強、鄭思穎、洪志偉、陳美玲、謝宇軒、林佳慧、劉志偉、謝淑芬、郭雅婷、許怡君、楊俊傑、楊小萱、周雨晴、林雅雯、王芷晴、楊國強、曾雅雯、賴雅琪、王宇軒、張柏翰、邱志偉、蔡文傑、周欣怡、松小貓
**已分析筆記數：** 50/50
**查經經文：** 太 3:1-4
---
**📖 主題：**
*   從灰燼中重生
*   信心的飛躍
*   愛的冒險旅程
*   恩典無限供應
*   逆轉勝的故事
*   勇氣的代價

**🔍 事實發現：**
*   注意到人物的轉變過程很戲劇化
*   看到群眾的反應和耶穌形成對比
*   發現神的信實貫穿整個故事
*   看到了一個勇敢的人面對困難

**💡 獨特亮光：**
*   👤 賴彥廷：這個發現讓我重新思考信仰
*   👤 邱芷晴：原來神的心意是這樣的
*   👤 黃文傑：這個發現讓我重新思考信仰
*   👤 曾雅雯：這個發現讓我重新思考信仰
*   👤 吳柏翰：跟我以前理解的完全不同
*   👤 鄭詩涵：跟我以前理解的完全不同
*   👤 王國強：這個發現讓我重新思考信仰
*   👤 廖宇軒：這個發現讓我重新思考信仰
*   👤 李雅雯：原來神的心意是這樣的
*   👤 廖志偉：Feeling the burn on this verse! 💪
*   👤 陳雅琪：這個發現讓我重新思考信仰
*   👤 鄭思穎：原來神的心意是這樣的
*   👤 賴志明：跟我以前理解的完全不同
*   👤 楊美玲：原來神的心意是這樣的
*   👤 鄭美玲：跟我以前理解的完全不同
*   👤 蔡佳穎：原來神的心意是這樣的
*   👤 陳偉強：Feeling the burn on this verse! 💪
*   👤 鄭思穎：跟我以前理解的完全不同
*   👤 陳美玲：跟我以前理解的完全不同
*   👤 謝宇軒：Feeling the burn on this verse! 💪
*   👤 林佳慧：這個發現讓我重新思考信仰
*   👤 劉志偉：Feeling the burn on this verse! 💪
*   👤 謝淑芬：原來神的心意是這樣的
*   👤 郭雅婷：跟我以前理解的完全不同
*   👤 許怡君：跟我以前理解的完全不同
*   👤 楊俊傑：這個發現讓我重新思考信仰
*   👤 楊小萱：Feeling the burn on this verse! 💪
*   👤 周雨晴：跟我以前理解的完全不同
*   👤 林雅雯：Feeling the burn on this verse! 💪
*   👤 王芷晴：跟我以前理解的完全不同
*   👤 楊國強：跟我以前理解的完全不同
*   👤 曾雅雯：跟我以前理解的完全不同
*   👤 賴雅琪：原來神的心意是這樣的
*   👤 王宇軒：這個發現讓我重新思考信仰
*   👤 張柏翰：這個發現讓我重新思考信仰
*   👤 邱志偉：跟我以前理解的完全不同
*   👤 蔡文傑：跟我以前理解的完全不同
*   👤 周欣怡：跟我以前理解的完全不同
*   👤 松小貓：Feeling the burn on this verse! 💪

**🎯 如何應用：**
*   這週每天早起10分鐘禱告
*   實踐一次服務他人的行動
*   寫一封感謝信給神
*   找一個朋友分享這段經文
*   每天都早點睡覺
---
**👤 個人貢獻摘要：**
*   賴彥廷：提出主題「從灰燼中重生」，觀察到人物轉變，洞察為需要重新思考信仰。
*   周彥廷：提出主題「信心的飛躍」，觀察到群眾與耶穌的對比。
*   蔡俊傑：提出主題「愛的冒險旅程」，觀察到群眾與耶穌的對比。
*   邱芷晴：提出主題「愛的冒險旅程」，觀察到神的信實，並計劃每天早起10分鐘禱告。
*   黃文傑：提出主題「恩典無限供應」，觀察到勇敢的人，並計劃服務他人。
*   王明輝：提出主題「信心的飛躍」，觀察到群眾與耶穌的對比。
*   曾雅雯：提出主題「逆轉勝的故事」，觀察到群眾與耶穌的對比，分享了關於信仰反思和神屬性的洞察，並計劃寫感謝信給神。
*   李婷婷：提出主題「信心的飛躍」，觀察到神的信實。
*   吳柏翰：提出主題「恩典無限供應」，觀察到群眾與耶穌的對比，並計劃服務他人。
*   鄭詩涵：提出主題「從灰燼中重生」，觀察到神的信實，並計劃服務他人。
*   王國強：提出主題「恩典無限供應」，觀察到勇敢的人，洞察為需要重新思考信仰。
*   廖宇軒：提出主題「逆轉勝的故事」，觀察到神的信實，洞察為需要重新思考信仰。
*   李雅雯：提出主題「勇氣的代價」，觀察到群眾與耶穌的對比，洞察為原來神的心意是這樣的。
*   黃俊傑：提出主題「恩典無限供應」，觀察到勇敢的人。
*   廖志偉：提出主題「勇氣的代價」，觀察到神的信實，並計劃服務他人。
*   陳雅琪：提出主題「信心的飛躍」，觀察到人物轉變，並計劃服務他人。
*   鄭思穎：提出主題「恩典無限供應」和「勇氣的代價」，觀察到勇敢的人和人物轉變，並分享了關於神心意和應許的洞察。
*   賴志明：提出主題「愛的冒險旅程」，觀察到神的信實，洞察為跟以前理解的完全不同。
*   楊美玲：提出主題「逆轉勝的故事」，觀察到人物轉變，洞察為原來神的心意是這樣的。
*   鄭美玲：提出主題「勇氣的代價」，觀察到神的信實，洞察為跟以前理解的完全不同。
*   廖雅婷：提出主題「恩典無限供應」，觀察到群眾與耶穌的對比。
*   蔡佳穎：提出主題「逆轉勝的故事」，觀察到神的信實，洞察為原來神的心意是這樣的。
*   陳偉強：提出主題「愛的冒險旅程」，觀察到神的信實。
*   林志偉：提出主題「從灰燼中重生」，觀察到群眾與耶穌的對比。
*   劉柏翰：提出主題「愛的冒險旅程」，觀察到神的信實。
*   周明輝：提出主題「恩典無限供應」，觀察到人物轉變。
*   黃偉強：提出主題「信心的飛躍」，觀察到神的信實。
*   洪志偉：提出主題「逆轉勝的故事」，觀察到勇敢的人。
*   陳美玲：提出主題「恩典無限供應」，觀察到神的信實，並計劃寫感謝信給神。
*   謝宇軒：提出主題「逆轉勝的故事」，觀察到群眾與耶穌的對比，並計劃服務他人。
*   林佳慧：提出主題「逆轉勝的故事」，觀察到人物轉變，並計劃找朋友分享經文。
*   劉志偉：提出主題「逆轉勝的故事」，觀察到神的信實。
*   謝淑芬：提出主題「勇氣的代價」，觀察到勇敢的人，並計劃找朋友分享經文。
*   郭雅婷：提出主題「愛的冒險旅程」，觀察到神的信實，並計劃找朋友分享經文。
*   許怡君：提出主題「從灰燼中重生」，觀察到神的信實，洞察為跟以前理解的完全不同。
*   楊俊傑：提出主題「信心的飛躍」，觀察到人物轉變，洞察為需要重新思考信仰。
*   楊小萱：提出主題「勇氣的代價」，觀察到人物轉變。
*   周雨晴：提出主題「勇氣的代價」，觀察到勇敢的人，並計劃找朋友分享經文。
*   林雅雯：提出主題「勇氣的代價」，觀察到人物轉變，並計劃寫感謝信給神。
*   王芷晴：提出主題「逆轉勝的故事」，觀察到人物轉變，並計劃每天早起10分鐘禱告。
*   楊國強：提出主題「逆轉勝的故事」，觀察到人物轉變，並計劃寫感謝信給神。
*   賴雅琪：提出主題「恩典無限供應」，觀察到人物轉變，並計劃找朋友分享經文。
*   王宇軒：提出主題「逆轉勝的故事」，觀察到群眾與耶穌的對比，並計劃找朋友分享經文。
*   張柏翰：提出主題「從灰燼中重生」，觀察到神的信實，洞察為需要重新思考信仰。
*   邱志偉：提出主題「恩典無限供應」，觀察到群眾與耶穌的對比，並計劃找朋友分享經文。
*   蔡文傑：提出主題「勇氣的代價」，觀察到人物轉變，並計劃找朋友分享經文。
*   周欣怡：提出主題「愛的冒險旅程」，觀察到神的信實，並計劃服務他人。
*   松小貓：提出主題「信心的飛躍」，觀察到神的信實，並計劃每天都早點睡覺。";2026-01-27 15:32:56.972516+00;COMPLETED
cb40f9a2-b8d6-4c9e-bf06-494225cae4c8;126aa9d7-3a21-441a-bf51-0c97f6cf96ce;group;7;"**組別：** 第 7 組
**組員：** 賴彥廷、鄭思穎、鄭美玲、陳偉強
**已分析筆記數：** 4/4
**查經經文：** 太 3:1-4
---
**📖 主題：**
從灰燼中重生、恩典無限供應、勇氣的代價、愛的冒險旅程。

**🔍 事實發現：**
注意到人物的轉變過程很戲劇化、看到了一個勇敢的人面對困難、發現神的信實貫穿整個故事。

**💡 獨特亮光：**
👤 賴彥廷：這個發現讓我重新思考信仰。
👤 鄭思穎：原來神的心意是這樣的。
👤 鄭美玲：跟我以前理解的完全不同。
👤 陳偉強：Feeling the burn on this verse! 💪

**🎯 如何應用：**
實踐一次服務他人的行動。
---
**👤 個人貢獻摘要：**
**賴彥廷：**提出主題「從灰燼中重生」，觀察到人物轉變的戲劇化，並分享這讓他重新思考信仰。
**鄭思穎：**提出主題「恩典無限供應」，觀察到一個勇敢的人，並計劃去服務他人。
**鄭美玲：**提出主題「勇氣的代價」，觀察到神的信實，並分享這與她過去的理解不同。
**陳偉強：**提出主題「愛的冒險旅程」，觀察到神的信實，並分享了個人感受。";2026-01-27 15:30:46.537248+00;COMPLETED
a449944b-a9a0-4dbe-a4c8-06202c6d9bf0;126aa9d7-3a21-441a-bf51-0c97f6cf96ce;group;8;"**組別：** 第 8 組
**組員：** 吳柏翰、陳美玲、許怡君、張柏翰
**已分析筆記數：** 4/4
**查經經文：** 太 3:1-4
---
**📖 主題：**
*   恩典無限供應
*   從灰燼中重生

**🔍 事實發現：**
*   看到群眾的反應和耶穌形成對比。
*   發現神的信實貫穿整個故事。

**💡 獨特亮光：**
*   👤 吳柏翰：跟我以前理解的完全不同。
*   👤 陳美玲：跟我以前理解的完全不同。
*   👤 許怡君：跟我以前理解的完全不同。
*   👤 張柏翰：這個發現讓我重新思考信仰。

**🎯 如何應用：**
*   實踐一次服務他人的行動。
*   寫一封感謝信給神。
---
**👤 個人貢獻摘要：**
*   **吳柏翰：** 提出主題「恩典無限供應」，觀察到群眾與耶穌的對比，並計劃服務他人。
*   **陳美玲：** 提出主題「恩典無限供應」，觀察到神的信實，並計劃寫感謝信。
*   **許怡君：** 提出主題「從灰燼中重生」，觀察到神的信實，其亮光是與以前的理解不同。
*   **張柏翰：** 提出主題「從灰燼中重生」，觀察到神的信實，其亮光是讓他重新思考信仰。";2026-01-27 15:30:56.289739+00;COMPLETED
bfe32313-ca1f-4d6a-80a9-c81bad7f02c2;d7bd7da5-8ef2-4c06-becf-01bc80a88916;group;2;"**組別：** 第 2 組
**組員：** 許佳穎、蔡承恩、林承恩、張承恩
**已分析筆記數：** 4/4
**查經經文：** 太 1:1-5
---
**📖 主題：**
*   從灰燼中重生
*   勇氣的代價
*   恩典無限供應

**🔍 事實發現：**
*   看到了一個勇敢的人面對困難
*   發現神的信實貫穿整個故事
*   看到群眾的反應和耶穌形成對比

**💡 獨特亮光：**
*   👤 許佳穎：感覺神在直接對我說話
*   👤 蔡承恩：這句話深深觸動我的心；Feeling the burn on this verse! 💪
*   👤 林承恩：這句話深深觸動我的心；這個發現讓我重新思考信仰
*   👤 張承恩：這是我今年最需要的提醒

**🎯 如何應用：**
*   找一個朋友分享這段經文

---
**👤 個人貢獻摘要：**
*   **許佳穎：** 觀察到經文中的勇敢人物，並感覺神直接對她說話。
*   **蔡承恩：** 發現神的信實貫穿故事，並被經文深深觸動。
*   **林承恩：** 觀察到群眾與耶穌的對比，並因經文重新思考信仰，計劃分享經文。
*   **張承恩：** 發現神的信實貫穿故事，並認為經文是她今年最需要的提醒。";2026-01-27 16:09:24.783848+00;COMPLETED
703afba8-9318-4a92-b1a0-6e1844ffc096;d7bd7da5-8ef2-4c06-becf-01bc80a88916;group;1;"**組別：** 第 1 組
**組員：** 李柏翰、張佳穎、松小貓、林家豪
**已分析筆記數：** 4/4
**查經經文：** 太 1:1-5
---
**📖 主題：** 從灰燼中重生 / 逆轉勝的故事 / 愛的冒險旅程
**🔍 事實發現：**
*   神的信實貫穿整個故事
*   群眾的反應和耶穌形成對比
*   人物的轉變過程很戲劇化
**💡 獨特亮光：**
*   👤 李柏翰：第五節讓我心跳加速！
*   👤 張佳穎：這句話深深觸動我的心
*   👤 松小貓：這句話深深觸動我的心
*   👤 林家豪：感覺神在直接對我說話
**🎯 如何應用：**
*   WARNING: Feeling the burn on this verse! 💪
*   COMMAND: 這個發現讓我重新思考信仰
*   PROMISE: 這個發現讓我重新思考信仰
---
**👤 個人貢獻摘要：**
*   李柏翰：觀察到神的信實，並對第五節有深刻感受。
*   張佳穎：觀察到神的信實，並被經文深深觸動。
*   松小貓：觀察到群眾與耶穌的對比，並重新思考信仰。
*   林家豪：觀察到人物的戲劇性轉變，並感覺神在對他說話。";2026-01-27 16:09:25.969018+00;COMPLETED
dd64e43a-4408-4da5-8431-6abfb806ec73;d7bd7da5-8ef2-4c06-becf-01bc80a88916;group;4;"**組別：** 第 4 組
**組員：** 陳冠宇
**已分析筆記數：** 1/1
**查經經文：** 太 1:1-5
---
**📖 主題：** 逆轉勝的故事
**🔍 事實發現：** 人物的轉變過程很戲劇化
**💡 獨特亮光：**
* 👤 陳冠宇：這句話深深觸動我的心
**🎯 如何應用：** 未填寫
---
**👤 個人貢獻摘要：**
* 陳冠宇：觀察到經文人物的轉變過程很戲劇化，並被其中一句話深深觸動。";2026-01-27 16:09:26.010302+00;COMPLETED
6fcacaea-e2dc-4971-b772-683bc8525f8d;d7bd7da5-8ef2-4c06-becf-01bc80a88916;group;3;"**組別：** 第 3 組
**組員：** 吳建華、吳宜蓁、張雅婷、洪小萱
**已分析筆記數：** 4/4
**查經經文：** 太 1:1-5
---
**📖 主題：**
*   從灰燼中重生
*   勇氣的代價
*   信心的飛躍
*   逆轉勝的故事

**🔍 事實發現：**
*   看到群眾的反應和耶穌形成對比
*   看到了一個勇敢的人面對困難
*   注意到人物的轉變過程很戲劇化

**💡 獨特亮光：**
*   👤 吳建華：感覺神在直接對我說話。
*   👤 吳宜蓁：這句話深深觸動我的心。
*   👤 張雅婷：第五節讓我心跳加速！
*   👤 洪小萱：這是我今年最需要的提醒。

**🎯 如何應用：**
*   這週每天早起10分鐘禱告。

---
**👤 個人貢獻摘要：**
*   吳建華：觀察到群眾與耶穌的對比，並感覺神直接對他說話，核心洞察與以往理解不同，計劃每天早起禱告。
*   吳宜蓁：觀察到勇敢的人面對困難，經文深深觸動她的心，核心洞察與以往理解不同，計劃每天早起禱告，並為家人禱告。
*   張雅婷：觀察到群眾與耶穌的對比，第五節讓她心跳加速，核心洞察與以往理解不同，計劃每天早起禱告。
*   洪小萱：觀察到人物戲劇性的轉變過程，經文是她今年最需要的提醒，核心洞察是原來神的心意。";2026-01-27 16:09:27.640976+00;COMPLETED
8f525d54-dbd5-45fa-8fb7-ec0a768e4c14;d7bd7da5-8ef2-4c06-becf-01bc80a88916;group;5;"**組別：** 第 5 組
**組員：** 郭小萱、周俊宏
**已分析筆記數：** 2/2
**查經經文：** 太 1:1-5
---
**📖 主題：** 勇氣的代價、信心的飛躍
**🔍 事實發現：**
* 看到群眾的反應和耶穌形成對比。
* 看到了一個勇敢的人面對困難。
**💡 獨特亮光：**
* 👤 郭小萱：第五節讓她心跳加速，這個發現讓她重新思考信仰。
* 👤 周俊宏：這句話深深觸動他的心，他對這節經文有強烈的感受。
**🎯 如何應用：**
* 郭小萱：重新思考信仰。
* 周俊宏：未填寫
---
**👤 個人貢獻摘要：**
* 郭小萱：觀察到群眾反應與耶穌的對比，並因第五節而重新思考信仰。
* 周俊宏：觀察到勇敢的人面對困難，並對經文有深刻的觸動。";2026-01-27 16:09:27.952518+00;COMPLETED
37d66c78-dfea-4fd6-8f71-538f216ffe5f;c76fe9c9-f2c1-445c-abc2-fe9bede2c2a1;group;11;"**組別：** 第 11 組
**組員：** 謝志偉、邱雅婷、劉宇軒、廖子軒
**已分析筆記數：** 4/4
**查經經文：** 太 7:7-17
---
**📖 主題：** 信心的飛躍
**🔍 事實發現：**
*   神的信實貫穿整個故事。
*   人物的轉變過程很戲劇化。
**💡 獨特亮光：**
*   👤 謝志偉：這是我今年最需要的提醒。
*   👤 邱雅婷：第五節讓我心跳加速！
*   👤 劉宇軒：第五節讓我心跳加速！原來神的心意是這樣的。根據 Google 搜尋，這段經文的歷史背景是...
*   👤 廖子軒：從灰燼中重生。第五節讓我心跳加速！Feeling the burn on this verse! 💪 ChatGPT 說這段經文有三個重點...
**🎯 如何應用：**
*   這週每天早起10分鐘禱告。
---
**👤 個人貢獻摘要：**
*   謝志偉：分享了經文對他個人的提醒，並觀察到神的信實。
*   邱雅婷：表達了經文對她的觸動，並觀察到神的信實。
*   劉宇軒：表達了經文對他的觸動，觀察到人物轉變，並探討了神的心意和經文的歷史背景。
*   廖子軒：提出了不同的主題，表達了經文對他的觸動，觀察到神的信實，並分享了經文的洞察、學術觀點和行動計劃。";2026-01-27 16:44:00.950383+00;COMPLETED
fd5fe04b-59e8-4f37-ac54-d675b296e659;c76fe9c9-f2c1-445c-abc2-fe9bede2c2a1;group;9;"**組別：** 第 9 組
**組員：** 林怡君、陳佳穎、鄭雨晴、楊宇軒
**已分析筆記數：** 4/4
**查經經文：** 太 7:7-17
---
**📖 主題：**
*   恩典無限供應 (林怡君、陳佳穎)
*   逆轉勝的故事 (鄭雨晴)
*   愛的冒險旅程 (楊宇軒)

**🔍 事實發現：**
*   神的信實貫穿整個故事 (林怡君、鄭雨晴、楊宇軒)
*   群眾的反應和耶穌形成對比 (陳佳穎)

**💡 獨特亮光：**
*   👤 林怡君：這是我今年最需要的提醒。
*   👤 陳佳穎：第五節讓我心跳加速！
*   👤 鄭雨晴：這句話深深觸動我的心。
*   👤 楊宇軒：這句話深深觸動我的心。

**🎯 如何應用：**
*   找一個朋友分享這段經文 (林怡君)
*   實踐一次服務他人的行動 (鄭雨晴)

---
**👤 個人貢獻摘要：**
*   **林怡君：** 觀察到神的信實，並計劃與朋友分享經文，下週想繼續深入研究。
*   **陳佳穎：** 觀察到群眾與耶穌的對比，並表示這個發現讓她重新思考信仰。
*   **鄭雨晴：** 觀察到神的信實，並計劃實踐服務他人的行動，反思自己需要更多安靜時間。
*   **楊宇軒：** 觀察到神的信實，並表示經文深深觸動他的心。";2026-01-27 16:44:01.110407+00;COMPLETED
9f2a735b-6b26-4c4d-8f37-85a599cec32d;c76fe9c9-f2c1-445c-abc2-fe9bede2c2a1;group;4;"**組別：** 第 4 組
**組員：** 楊宇軒、廖佳慧、林志偉、曾文傑
**已分析筆記數：** 4/4
**查經經文：** 太 7:7-17
---
**📖 主題：** 恩典無限供應 / 信心的飛躍
**🔍 事實發現：** 看到了一個勇敢的人面對困難
**💡 獨特亮光：**
* 👤 楊宇軒：恩典無限供應，跟我以前理解的完全不同。
* 👤 廖佳慧：感覺神在直接對我說話，原來神的心意是這樣的。
* 👤 林志偉：感覺神在直接對我說話，這個發現讓我重新思考信仰。
* 👤 曾文傑：恩典無限供應，這句話深深觸動我的心。
**🎯 如何應用：**
* 楊宇軒：找一個朋友分享這段經文。
* 林志偉：實踐一次服務他人的行動。
* 曾文傑：這週每天早起10分鐘禱告。
---
**👤 個人貢獻摘要：**
* 楊宇軒：這句話深深觸動我的心，跟我以前理解的完全不同。
* 廖佳慧：感覺神在直接對我說話，原來神的心意是這樣的。
* 林志偉：感覺神在直接對我說話，這個發現讓我重新思考信仰。
* 曾文傑：這句話深深觸動我的心，這週每天早起10分鐘禱告。";2026-01-27 16:44:01.600373+00;COMPLETED
8d2231b8-6e76-45ac-ac9c-b2511bebf8d6;c76fe9c9-f2c1-445c-abc2-fe9bede2c2a1;group;1;"**組別：** 第 1 組
**組員：** 黃冠宇、謝家豪、吳俊傑、廖小萱
**已分析筆記數：** 4/4
**查經經文：** 太 7:7-17
---
**📖 主題：**
*   黃冠宇：逆轉勝的故事
*   謝家豪：勇氣的代價
*   吳俊傑：從灰燼中重生
*   廖小萱：信心的飛躍

**🔍 事實發現：**
*   黃冠宇：發現神的信實貫穿整個故事。
*   謝家豪：注意到人物的轉變過程很戲劇化。
*   吳俊傑：注意到人物的轉變過程很戲劇化。
*   廖小萱：注意到人物的轉變過程很戲劇化。

**💡 獨特亮光：**
*   👤 黃冠宇：這是我今年最需要的提醒。
*   👤 謝家豪：第五節讓我心跳加速！這個發現讓我重新思考信仰。
*   👤 吳俊傑：第五節讓我心跳加速！這個發現讓我重新思考信仰。
*   👤 廖小萱：感覺神在直接對我說話。

**🎯 如何應用：**
*   謝家豪：實踐一次服務他人的行動。
*   吳俊傑：這週每天早起10分鐘禱告。

---
**👤 個人貢獻摘要：**
*   黃冠宇：觀察到神的信實，並認為經文是今年的重要提醒。
*   謝家豪：聚焦於勇氣的代價，注意到人物戲劇性轉變，並計劃實踐服務行動。
*   吳俊傑：主題為從灰燼中重生，對經文有深刻反思，並計劃每天早起禱告。
*   廖小萱：主題為信心的飛躍，觀察到人物轉變，並感覺經文是神直接的說話。";2026-01-27 16:44:01.631054+00;COMPLETED
7ebd7e74-c2ad-42b3-ba27-09966d0caa96;c76fe9c9-f2c1-445c-abc2-fe9bede2c2a1;group;16;"**組別：** 第 16 組
**組員：** 謝雅雯、陳佳慧、劉美玲、松小貓
**已分析筆記數：** 4/4
**查經經文：** 太 7:7-17
---
**📖 主題：**
* 愛的冒險旅程 (謝雅雯, 劉美玲)
* 信心的飛躍 (陳佳慧)
* 從灰燼中重生 (松小貓)

**🔍 事實發現：**
* 看到了一個勇敢的人面對困難 (謝雅雯, 松小貓)
* 看到群眾的反應和耶穌形成對比 (陳佳慧)
* 注意到人物的轉變過程很戲劇化 (劉美玲)

**💡 獨特亮光：**
* 👤 謝雅雯：這個發現讓我重新思考信仰。
* 👤 陳佳慧：Feeling the burn on this verse! 💪
* 👤 劉美玲：Feeling the burn on this verse! 💪
* 👤 松小貓：跟我以前理解的完全不同。

**🎯 如何應用：**
* 實踐一次服務他人的行動 (謝雅雯, 松小貓)
* 找一個朋友分享這段經文 (劉美玲)
---
**👤 個人貢獻摘要：**
* **謝雅雯：** 透過經文觀察到勇敢面對困難，並從中重新思考信仰，計劃實踐服務他人的行動。
* **陳佳慧：** 經文讓她心跳加速，觀察到群眾與耶穌的對比，並對經文有深刻感受。
* **劉美玲：** 經文是她今年最需要的提醒，注意到人物戲劇性的轉變，並計劃與朋友分享經文，為家人禱告。
* **松小貓：** 經文深深觸動她的心，觀察到勇敢的人面對困難，並發現與以往理解不同，計劃實踐服務他人的行動。";2026-01-27 16:44:01.644326+00;COMPLETED
5f5c4ac0-915f-48e6-a75c-d54996447b0a;c76fe9c9-f2c1-445c-abc2-fe9bede2c2a1;group;8;"**組別：** 第 8 組
**組員：** 邱志偉、楊柏翰、王彥廷、張佳穎
**已分析筆記數：** 4/4
**查經經文：** 太 7:7-17
---
**📖 主題：** 逆轉勝的故事
**🔍 事實發現：**
*   看到了一個勇敢的人面對困難。
*   發現神的信實貫穿整個故事。
**💡 獨特亮光：**
*   👤 邱志偉：這是我今年最需要的提醒；跟我以前理解的完全不同。
*   👤 楊柏翰：這句話深深觸動我的心。
*   👤 王彥廷：這是我今年最需要的提醒。
*   👤 張佳穎：第五節讓我心跳加速！
**🎯 如何應用：** 未填寫
---
**👤 個人貢獻摘要：**
*   邱志偉：標題短語為「逆轉勝的故事」，心跳經節是今年最需要的提醒，並對經文有不同於以往的理解。
*   楊柏翰：標題短語為「勇氣的代價」，心跳經節深深觸動他的心，並觀察到勇敢的人面對困難。
*   王彥廷：標題短語為「逆轉勝的故事」，心跳經節是今年最需要的提醒，並發現神的信實貫穿整個故事。
*   張佳穎：標題短語為「逆轉勝的故事」，第五節讓她心跳加速，並發現神的信實貫穿整個故事。";2026-01-27 16:44:01.677313+00;COMPLETED
ba19d403-f9b0-4b2d-a800-ebfbbacf750b;c76fe9c9-f2c1-445c-abc2-fe9bede2c2a1;group;25;"**組別：** 第 25 組
**組員：** 楊俊傑、洪志明、郭宜蓁、曾雅婷
**已分析筆記數：** 4/4
**查經經文：** 太 7:7-17
---
**📖 主題：**
*   逆轉勝的故事
*   愛的冒險旅程
*   從灰燼中重生

**🔍 事實發現：**
*   看到群眾的反應和耶穌形成對比。
*   注意到人物的轉變過程很戲劇化。
*   發現神的信實貫穿整個故事。

**💡 獨特亮光：**
*   👤 楊俊傑：這句話深深觸動我的心。
*   👤 洪志明：第五節讓我心跳加速！
*   👤 郭宜蓁：這是我今年最需要的提醒。
*   👤 曾雅婷：感覺神在直接對我說話。

**🎯 如何應用：**
*   找一個朋友分享這段經文。

---
**👤 個人貢獻摘要：**
*   楊俊傑：觀察到群眾與耶穌的對比，並指出核心洞察與過去理解不同，且學者對經文有不同解讀。
*   洪志明：注意到經文人物轉變的戲劇性。
*   郭宜蓁：發現神的信實貫穿故事，並指出核心洞察與過去理解不同，且提及經文的歷史背景。
*   曾雅婷：發現神的信實貫穿故事，並表示這個發現讓她重新思考信仰，計劃分享經文並希望繼續深入研究。";2026-01-27 16:44:01.748233+00;COMPLETED
f449f8cb-2b92-4db6-8904-dee0890ac87b;c76fe9c9-f2c1-445c-abc2-fe9bede2c2a1;group;24;"**組別：** 第 24 組
**組員：** 周婷婷、劉冠宇、黃建華、黃志偉
**已分析筆記數：** 4/4
**查經經文：** 太 7:7-17
---
**📖 主題：** 恩典無限供應 / 從灰燼中重生
**🔍 事實發現：**
*   經文觀察：群眾反應與耶穌形成對比；人物轉變過程戲劇化；神的信實貫穿整個故事。
*   核心洞察：感覺神在直接對我說話；跟我以前理解的完全不同；原來神的心意是這樣的。
**💡 獨特亮光：**
*   👤 周婷婷：Feeling the burn on this verse! 💪
*   👤 劉冠宇：感覺神在直接對我說話。
*   👤 黃建華：發現神的信實貫穿整個故事。
*   👤 黃志偉：Feeling the burn on this verse! 💪
**🎯 如何應用：**
*   找一個朋友分享這段經文。
*   寫一封感謝信給神。
---
**👤 個人貢獻摘要：**
*   周婷婷：觀察到群眾反應與耶穌的對比，並對經文有深刻感受，計劃與朋友分享。
*   劉冠宇：感覺神直接對他說話，並發現經文與他過去的理解不同。
*   黃建華：發現神的信實貫穿故事，並理解了神的心意。
*   黃志偉：認為這是他今年最需要的提醒，並計劃寫感謝信給神。";2026-01-27 16:44:01.776645+00;COMPLETED
03888023-3f41-4353-a9fc-37d5fc58bf03;c76fe9c9-f2c1-445c-abc2-fe9bede2c2a1;group;7;"**組別：** 第 7 組
**組員：** 劉俊宏、張雅琪、周芷晴、郭志明
**已分析筆記數：** 4/4
**查經經文：** 太 7:7-17
---
**📖 主題：**
*   從灰燼中重生
*   逆轉勝的故事
*   勇氣的代價

**🔍 事實發現：**
*   看到了一個勇敢的人面對困難
*   看到群眾的反應和耶穌形成對比
*   發現神的信實貫穿整個故事

**💡 獨特亮光：**
*   👤 劉俊宏：這是我今年最需要的提醒
*   👤 張雅琪：這句話深深觸動我的心
*   👤 周芷晴：第五節讓我心跳加速！
*   👤 郭志明：第五節讓我心跳加速！

**🎯 如何應用：**
*   寫一封感謝信給神
*   這週每天早起10分鐘禱告
*   找一個朋友分享這段經文

---
**👤 個人貢獻摘要：**
*   **劉俊宏：** 筆記主題為「從灰燼中重生」，並提到經文是他今年最需要的提醒，觀察到經文中有勇敢的人面對困難。
*   **張雅琪：** 筆記主題為「逆轉勝的故事」，心跳經節深深觸動她的心，觀察到群眾反應與耶穌形成對比，並計劃寫感謝信給神。
*   **周芷晴：** 筆記主題為「逆轉勝的故事」，第五節讓她心跳加速，觀察到神的信實貫穿故事，並計劃每天早起10分鐘禱告。
*   **郭志明：** 筆記主題為「勇氣的代價」，第五節讓他心跳加速，觀察到勇敢的人面對困難，並計劃找朋友分享經文。";2026-01-27 16:44:02.114379+00;COMPLETED
64aee596-5f22-4e2c-8fbb-cd788da1c71a;c76fe9c9-f2c1-445c-abc2-fe9bede2c2a1;group;21;"**組別：** 第 21 組
**組員：** 洪雅雯、劉家豪、吳子軒、賴雅琪
**已分析筆記數：** 4/4
**查經經文：** 太 7:7-17
---
**📖 主題：**
* 愛的冒險旅程 (洪雅雯、劉家豪、賴雅琪)
* 勇氣的代價 (吳子軒)

**🔍 事實發現：**
* 經文觀察:
    * 注意到人物的轉變過程很戲劇化 (洪雅雯)
    * 看到了一個勇敢的人面對困難 (劉家豪、吳子軒)
    * 發現神的信實貫穿整個故事 (賴雅琪)
* 心跳經節:
    * 這句話深深觸動我的心 (洪雅雯、劉家豪、賴雅琪)
    * 感覺神在直接對我說話 (吳子軒)
* 核心洞察筆記:
    * Feeling the burn on this verse! 💪 (劉家豪)
    * 跟我以前理解的完全不同 (吳子軒、賴雅琪)
* 學者筆記:
    * 注釋書提到當時的文化背景... (劉家豪、賴雅琪)
    * 根據 Google 搜尋，這段經文的歷史背景是... (吳子軒)

**💡 獨特亮光：**
* 👤 洪雅雯：注意到人物的轉變過程很戲劇化。
* 👤 劉家豪：看到了一個勇敢的人面對困難，並感覺到經文的深刻影響。
* 👤 吳子軒：感覺神在直接對我說話，且對經文的理解與以往不同。
* 👤 賴雅琪：發現神的信實貫穿整個故事，且對經文的理解與以往不同。

**🎯 如何應用：**
* 找一個朋友分享這段經文 (劉家豪)
* 這週每天早起10分鐘禱告 (吳子軒)
* 實踐一次服務他人的行動 (賴雅琪)

---
**👤 個人貢獻摘要：**
* **洪雅雯：** 觀察到經文中人物戲劇性的轉變過程，並被經文深深觸動。
* **劉家豪：** 觀察到經文中勇敢面對困難的人物，並計劃與朋友分享這段經文。
* **吳子軒：** 感覺神直接對他說話，對經文有新的理解，並計劃每天早起禱告。
* **賴雅琪：** 發現神的信實貫穿故事，對經文有新的理解，並計劃實踐服務他人的行動。";2026-01-27 16:44:02.358188+00;COMPLETED
48169a6e-7db5-4939-8a65-4920cf905089;c76fe9c9-f2c1-445c-abc2-fe9bede2c2a1;group;22;"**組別：** 第 22 組
**組員：** 周小萱、賴宇軒、郭宇軒、吳婷婷、洪芷晴
**已分析筆記數：** 5/5
**查經經文：** 太 7:7-17
---
**📖 主題：**
*   勇氣的代價
*   從灰燼中重生
*   信心的飛躍
*   恩典無限供應
*   逆轉勝的故事

**🔍 事實發現：**
*   看到了一個勇敢的人面對困難。
*   注意到人物的轉變過程很戲劇化。
*   看到群眾的反應和耶穌形成對比。

**💡 獨特亮光：**
*   👤 周小萱：原來神的心意是這樣的。
*   👤 郭宇軒：跟我以前理解的完全不同。
*   👤 洪芷晴：跟我以前理解的完全不同。

**🎯 如何應用：**
*   寫一封感謝信給神。

---
**👤 個人貢獻摘要：**
*   **周小萱：** 觀察到勇敢的人面對困難，並對神的心意有新的理解。
*   **賴宇軒：** 認為經文是今年最需要的提醒，並注意到人物戲劇性的轉變。
*   **郭宇軒：** 經文讓他心跳加速，對經文有不同於以往的理解，並計劃寫感謝信。
*   **吳婷婷：** 感覺神在直接對她說話，並觀察到群眾與耶穌的對比。
*   **洪芷晴：** 經文深深觸動她的心，對經文有不同於以往的理解，並計劃寫感謝信。";2026-01-27 16:44:02.56317+00;COMPLETED
e064141d-e10c-4b93-a514-7eab99ad0bf8;c76fe9c9-f2c1-445c-abc2-fe9bede2c2a1;group;3;"**組別：** 第 3 組
**組員：** 張俊傑、曾文傑、王家豪、黃家豪
**已分析筆記數：** 4/4
**查經經文：** 太 7:7-17
---
**📖 主題：**
*   勇氣的代價
*   愛的冒險旅程
*   信心的飛躍

**🔍 事實發現：**
*   看到了一個勇敢的人面對困難
*   發現神的信實貫穿整個故事
*   注意到人物的轉變過程很戲劇化

**💡 獨特亮光：**
*   👤 張俊傑：感覺神在直接對我說話，這個發現讓我重新思考信仰。
*   👤 曾文傑：感覺神在直接對我說話。
*   👤 王家豪：這是我今年最需要的提醒，原來神的心意是這樣的。
*   👤 黃家豪：第五節讓我心跳加速，原來神的心意是這樣的。

**🎯 如何應用：**
*   實踐一次服務他人的行動
*   找一個朋友分享這段經文

---
**👤 個人貢獻摘要：**
*   張俊傑：感覺神在直接對我說話，這個發現讓我重新思考信仰，並計劃實踐一次服務他人的行動。
*   曾文傑：感覺神在直接對我說話，並觀察到一個勇敢的人面對困難。
*   王家豪：這段經文是他今年最需要的提醒，發現神的信實，並計劃找朋友分享經文。
*   黃家豪：第五節讓他心跳加速，注意到人物戲劇性的轉變，並發現神的心意。";2026-01-27 16:44:02.217381+00;COMPLETED
a7361b6a-2a4a-40b5-8da3-72cd3fbc6c77;c76fe9c9-f2c1-445c-abc2-fe9bede2c2a1;group;13;"**組別：** 第 13 組
**組員：** 劉淑芬、蔡志偉、周建華、謝思穎
**已分析筆記數：** 4/4
**查經經文：** 太 7:7-17
---
**📖 主題：**
*   勇氣的代價
*   愛的冒險旅程

**🔍 事實發現：**
*   神的信實貫穿整個故事。
*   群眾的反應和耶穌形成對比。
*   看到了一個勇敢的人面對困難。
*   人物的轉變過程很戲劇化。

**💡 獨特亮光：**
*   👤 劉淑芬：Feeling the burn on this verse! 💪
*   👤 蔡志偉：Feeling the burn on this verse! 💪
*   👤 謝思穎：原來神的心意是這樣的。

**🎯 如何應用：**
*   實踐一次服務他人的行動。
*   這週每天早起10分鐘禱告。
*   寫一封感謝信給神。
---
**👤 個人貢獻摘要：**
*   劉淑芬：觀察到神的信實，並計劃實踐服務他人的行動。
*   蔡志偉：觀察到群眾與耶穌的對比，並計劃每天早起禱告。
*   周建華：觀察到一個勇敢的人面對困難。
*   謝思穎：觀察到人物的戲劇性轉變，並計劃寫感謝信給神。";2026-01-27 16:44:02.799269+00;COMPLETED
55a89b46-72e2-403a-b913-d1548f1bedb6;c76fe9c9-f2c1-445c-abc2-fe9bede2c2a1;group;20;"**組別：** 第 20 組
**組員：** 楊子軒、謝雅琪、廖雅雯、曾欣怡
**已分析筆記數：** 4/4
**查經經文：** 太 7:7-17
---
**📖 主題：**
*   信心的飛躍
*   從灰燼中重生
*   逆轉勝的故事
*   勇氣的代價

**🔍 事實發現：**
*   楊子軒：看到了一個勇敢的人面對困難
*   謝雅琪：注意到人物的轉變過程很戲劇化
*   廖雅雯：發現神的信實貫穿整個故事
*   曾欣怡：看到群眾的反應和耶穌形成對比

**💡 獨特亮光：**
*   👤 楊子軒：這句話深深觸動我的心
*   👤 謝雅琪：這是我今年最需要的提醒
*   👤 廖雅雯：這句話深深觸動我的心
*   👤 曾欣怡：這句話深深觸動我的心

**🎯 如何應用：**
*   曾欣怡：寫一封感謝信給神

---
**👤 個人貢獻摘要：**
*   楊子軒：觀察到經文中的勇敢人物，並被經文內容深深觸動。
*   謝雅琪：從經文中獲得提醒，並注意到人物的戲劇性轉變。
*   廖雅雯：發現神的信實貫穿故事，並被經文內容深深觸動。
*   曾欣怡：觀察到群眾與耶穌的對比，並計劃寫感謝信給神。";2026-01-27 16:44:02.315829+00;COMPLETED
d25458d0-f583-42b4-954c-75e60a6aa41c;c76fe9c9-f2c1-445c-abc2-fe9bede2c2a1;group;14;"**組別：** 第 14 組
**組員：** 林子軒、吳思穎、周建華、周柏翰
**已分析筆記數：** 4/4
**查經經文：** 太 7:7-17
---
**📖 主題：**
*   愛的冒險旅程
*   逆轉勝的故事
*   恩典無限供應
*   勇氣的代價

**🔍 事實發現：**
*   看到群眾的反應和耶穌形成對比。
*   注意到人物的轉變過程很戲劇化。
*   發現神的信實貫穿整個故事。

**💡 獨特亮光：**
*   👤 林子軒：感覺神在直接對我說話。
*   👤 吳思穎：這是我今年最需要的提醒。
*   👤 周建華：感覺神在直接對我說話。
*   👤 周柏翰：這句話深深觸動我的心。

**🎯 如何應用：**
*   找一個朋友分享這段經文。

---
**👤 個人貢獻摘要：**
*   林子軒：觀察到群眾與耶穌的對比，並感覺經文直接對他說話。
*   吳思穎：認為這段經文是她今年最需要的提醒，並注意到人物戲劇性的轉變。
*   周建華：感覺經文直接對他說話，並注意到人物戲劇性的轉變。
*   周柏翰：發現神的信實貫穿故事，並計劃與朋友分享這段經文。";2026-01-27 16:44:02.85301+00;COMPLETED
99c2ffb8-4cc8-49e9-92d1-286c4346b3ad;c76fe9c9-f2c1-445c-abc2-fe9bede2c2a1;group;23;"**組別：** 第 23 組
**組員：** 許宜蓁、周芷晴、郭淑芬、洪建華、廖雅婷
**已分析筆記數：** 5/5
**查經經文：** 太 7:7-17
---
**📖 主題：**
*   信心的飛躍
*   恩典無限供應
*   愛的冒險旅程
*   逆轉勝的故事
*   從灰燼中重生

**🔍 事實發現：**
*   注意到人物的轉變過程很戲劇化
*   看到了一個勇敢的人面對困難
*   看到群眾的反應和耶穌形成對比
*   發現神的信實貫穿整個故事

**💡 獨特亮光：**
*   👤 許宜蓁：第五節讓我心跳加速！
*   👤 周芷晴：這句話深深觸動我的心
*   👤 郭淑芬：這句話深深觸動我的心
*   👤 洪建華：感覺神在直接對我說話
*   👤 廖雅婷：感覺神在直接對我說話

**🎯 如何應用：**
*   未填寫

---
**👤 個人貢獻摘要：**
*   **許宜蓁：** 觀察到人物轉變過程戲劇化，並從經文歷史背景中獲得洞察。
*   **周芷晴：** 觀察到勇敢的人面對困難，並被經文深深觸動。
*   **郭淑芬：** 觀察到群眾反應與耶穌形成對比，並從文化背景中獲得洞察。
*   **洪建華：** 觀察到群眾反應與耶穌形成對比，並感覺神在直接對他說話。
*   **廖雅婷：** 觀察到神的信實貫穿整個故事，並感覺神在直接對她說話。";2026-01-27 16:44:02.643829+00;COMPLETED
c869da27-25dd-4b03-9c98-2fc926769354;c76fe9c9-f2c1-445c-abc2-fe9bede2c2a1;group;2;"**組別：** 第 2 組
**組員：** 王建華、蔡佳慧、曾欣怡、吳小萱
**已分析筆記數：** 4/4
**查經經文：** 太 7:7-17
---
**📖 主題：**
*   愛的冒險旅程
*   恩典無限供應
*   從灰燼中重生
*   信心的飛躍

**🔍 事實發現：**
*   看到了一個勇敢的人面對困難
*   發現神的信實貫穿整個故事
*   注意到人物的轉變過程很戲劇化

**💡 獨特亮光：**
*   👤 王建華：這個發現讓我重新思考信仰
*   👤 蔡佳慧：跟我以前理解的完全不同
*   👤 曾欣怡：原來神的心意是這樣的
*   👤 吳小萱：這個發現讓我重新思考信仰

**🎯 如何應用：**
*   這週每天早起10分鐘禱告
*   找一個朋友分享這段經文

---
**👤 個人貢獻摘要：**
*   **王建華：** 觀察到勇敢的人面對困難，並因洞察重新思考信仰，計劃每天早起禱告。
*   **蔡佳慧：** 發現神的信實，並因洞察與過去理解不同，計劃與朋友分享經文。
*   **曾欣怡：** 注意到人物戲劇化轉變，並因洞察了解神的心意。
*   **吳小萱：** 發現神的信實，並因洞察重新思考信仰。";2026-01-27 16:44:05.916289+00;COMPLETED
6edc657c-e012-499a-887c-467f212b59af;c76fe9c9-f2c1-445c-abc2-fe9bede2c2a1;group;18;"**組別：** 第 18 組
**組員：** 鄭美玲、洪俊宏、曾承恩、吳佳慧
**已分析筆記數：** 4/4
**查經經文：** 太 7:7-17
---
**📖 主題：**
* 逆轉勝的故事
* 愛的冒險旅程
* 恩典無限供應
* 信心的飛躍

**🔍 事實發現：**
* 看到了一個勇敢的人面對困難
* 看到群眾的反應和耶穌形成對比
* 注意到人物的轉變過程很戲劇化

**💡 獨特亮光：**
* 👤 鄭美玲：原來神的心意是這樣的
* 👤 洪俊宏：Feeling the burn on this verse! 💪
* 👤 曾承恩：Feeling the burn on this verse! 💪

**🎯 如何應用：**
* 實踐一次服務他人的行動
* 這週每天早起10分鐘禱告

---
**👤 個人貢獻摘要：**
* 鄭美玲：觀察到勇敢的人面對困難，並從中領悟到神的心意，計劃實踐服務他人的行動。
* 洪俊宏：觀察到群眾與耶穌的對比，並感受到經文的觸動，計劃每天早起禱告。
* 曾承恩：感受到神直接對他說話，並注意到人物戲劇性的轉變。
* 吳佳慧：感受到神直接對她說話，並觀察到勇敢的人面對困難。";2026-01-27 16:44:02.887962+00;COMPLETED
387b2ebf-230d-404b-b95a-1c4dd12f6e90;c76fe9c9-f2c1-445c-abc2-fe9bede2c2a1;group;6;"**組別：** 第 6 組
**組員：** 洪國強、廖佳慧、賴雅琪、鄭志偉
**已分析筆記數：** 4/4
**查經經文：** 太 7:7-17
---
**📖 主題：**
*   愛的冒險旅程 (洪國強、鄭志偉)
*   信心的飛躍 (廖佳慧)
*   勇氣的代價 (賴雅琪)

**🔍 事實發現：**
*   感覺神在直接對我說話 (洪國強、廖佳慧)
*   看到群眾的反應和耶穌形成對比 (洪國強)
*   注意到人物的轉變過程很戲劇化 (廖佳慧)
*   這句話深深觸動我的心 (賴雅琪)
*   發現神的信實貫穿整個故事 (賴雅琪)
*   第五節讓我心跳加速！ (鄭志偉)
*   看到了一個勇敢的人面對困難 (鄭志偉)

**💡 獨特亮光：**
*   👤 洪國強：Feeling the burn on this verse! 💪
*   👤 廖佳慧：Feeling the burn on this verse! 💪
*   👤 鄭志偉：跟我以前理解的完全不同

**🎯 如何應用：**
*   找一個朋友分享這段經文 (洪國強)
*   今天的查經讓我很感動，想為家人禱告 (洪國強)

---
**👤 個人貢獻摘要：**
*   **洪國強：** 觀察到群眾與耶穌的對比，並感覺神直接對他說話，計畫與朋友分享經文並為家人禱告。
*   **廖佳慧：** 感覺神直接對她說話，並注意到人物轉變的戲劇性。
*   **賴雅琪：** 經文深深觸動她的心，並發現神的信實貫穿整個故事。
*   **鄭志偉：** 經文的第五節讓他心跳加速，並看到一個勇敢的人面對困難，對經文的理解與以往不同。";2026-01-27 16:44:07.128134+00;COMPLETED
df730050-8fe1-4c4b-b705-539d2aa7ef25;7bd622e6-4e61-4167-96e9-067c0559b19a;group;5;"**組別：** 第 5 組
**組員：** 賴志明、邱思穎、洪子軒
**已分析筆記數：** 3/3
**查經經文：** 馬 3:2-12
---
**📖 主題：** 逆轉勝的故事 / 愛的冒險旅程
**🔍 事實發現：**
*   看到了一個勇敢的人面對困難。
*   看到群眾的反應和耶穌形成對比。
*   注意到人物的轉變過程很戲劇化。
**💡 獨特亮光：**
*   👤 賴志明：感覺神在直接對我說話。
*   👤 邱思穎：這是我今年最需要的提醒。
*   👤 洪子軒：感覺神在直接對我說話。
**🎯 如何應用：**
*   實踐一次服務他人的行動。
*   找一個朋友分享這段經文。
---
**👤 個人貢獻摘要：**
*   **賴志明：** 觀察到經文中的勇敢人物，並從中感受到神的直接話語，重新思考信仰。
*   **邱思穎：** 觀察到群眾與耶穌的對比，將經文視為今年的提醒，並計劃實踐服務他人的行動。
*   **洪子軒：** 觀察到人物戲劇性的轉變，感受到神的直接話語，並計劃與朋友分享經文。";2026-01-27 17:08:56.866704+00;COMPLETED
fea22d2f-c616-45ae-9769-41d746e97e3c;7bd622e6-4e61-4167-96e9-067c0559b19a;group;6;"**組別：** 第 6 組
**組員：** 鄭雅婷、鄭佳穎、黃佳穎、許小萱、林柏翰、劉建華
**已分析筆記數：** 6/6
**查經經文：** 馬 3:2-12
---
**📖 主題：**
*   逆轉勝的故事
*   愛的冒險旅程
*   恩典無限供應
*   信心的飛躍

**🔍 事實發現：**
*   看到了一個勇敢的人面對困難
*   看到群眾的反應和耶穌形成對比
*   發現神的信實貫穿整個故事
*   注意到人物的轉變過程很戲劇化

**💡 獨特亮光：**
*   👤 鄭雅婷：原來神的心意是這樣的
*   👤 鄭佳穎：Feeling the burn on this verse! 💪
*   👤 黃佳穎：原來神的心意是這樣的
*   👤 林柏翰：Feeling the burn on this verse! 💪
*   👤 劉建華：跟我以前理解的完全不同

**🎯 如何應用：**
*   找一個朋友分享這段經文
*   實踐一次服務他人的行動
*   這週每天早起10分鐘禱告

---
**👤 個人貢獻摘要：**
*   鄭雅婷：今天的查經讓我很感動，想為家人禱告。
*   鄭佳穎：感謝小組成員的分享！
*   黃佳穎：下週想繼續深入研究這個主題。
*   許小萱：未填寫
*   林柏翰：未填寫
*   劉建華：感謝小組成員的分享！";2026-01-27 17:08:56.910984+00;COMPLETED
b82da6ee-4d55-4bb8-92ad-aae883932e69;7bd622e6-4e61-4167-96e9-067c0559b19a;group;4;"**組別：** 第 4 組
**組員：** 李怡君、賴婷婷、張佳穎
**已分析筆記數：** 3/3
**查經經文：** 馬 3:2-12
---
**📖 主題：**
*   李怡君：從灰燼中重生
*   賴婷婷：信心的飛躍
*   張佳穎：恩典無限供應

**🔍 事實發現：**
*   李怡君：注意到人物的轉變過程很戲劇化
*   賴婷婷：看到了一個勇敢的人面對困難
*   張佳穎：看到了一個勇敢的人面對困難

**💡 獨特亮光：**
*   👤 李怡君：跟我以前理解的完全不同
*   👤 賴婷婷：Feeling the burn on this verse! 💪

**🎯 如何應用：**
*   李怡君：寫一封感謝信給神
*   賴婷婷：寫一封感謝信給神
*   張佳穎：未填寫

---
**👤 個人貢獻摘要：**
*   李怡君：注意到經文中人物的戲劇性轉變，並表示對經文的理解與以往不同，計劃寫感謝信給神。
*   賴婷婷：觀察到經文中的勇敢人物，對經文有強烈感受，並計劃寫感謝信給神。
*   張佳穎：對經文中的勇敢人物有觀察，並表示經文觸動了她的心。";2026-01-27 17:08:57.059881+00;COMPLETED
c5c33be4-cee3-430d-835e-22d6fd459273;c76fe9c9-f2c1-445c-abc2-fe9bede2c2a1;overall;0;"**組別：** 第 1 組、第 2 組、第 3 組、第 4 組、第 5 組、第 6 組、第 7 組、第 8 組、第 9 組、第 10 組、第 11 組、第 12 組、第 13 組、第 14 組、第 15 組、第 16 組、第 17 組、第 18 組、第 19 組、第 20 組、第 21 組、第 22 組、第 23 組、第 24 組、第 25 組
**組員：** 周婷婷、黃建華、黃志偉、鄭家豪、王思穎、楊宇軒、周小萱、賴宇軒、鄭俊宏、廖佳慧、郭家豪、張俊傑、劉俊宏、郭宇軒、林志偉、吳婷婷、邱志偉、周冠宇、楊柏翰、曾文傑、黃怡君、吳思穎、林怡君、林家豪、王彥廷、張雅琪、謝雅琪、廖雅雯、曾欣怡、楊子軒、陳佳穎、洪俊宏、張佳穎、王建華、鄭美玲、蔡怡君、曾承恩、吳佳慧、蔡佳慧、鄭俊宏、曾欣怡、吳小萱、劉淑芬、陳佳慧、蔡志偉、劉美玲、謝雅雯、周建華、謝思穎、松小貓、林佳穎、廖家豪、吳子軒、劉芷晴、林雅琪、洪雅雯、賴雅琪、劉家豪、黃彥廷、張雅琪、曾雅婷、郭宜蓁、許詩涵、洪志明、黃宜蓁、楊俊傑、劉冠宇、曾文傑、周芷晴、洪志偉、鄭雨晴、許美玲、楊宇軒、郭志明、賴芷晴、王家豪、鄭宇軒、張佳穎、洪芷晴、黃冠宇、黃家豪、陳明輝、洪國強、廖佳慧、賴雅琪、謝家豪、鄭志偉、吳俊傑、廖小萱、謝志偉、許宜蓁、周芷晴、邱雅婷、郭淑芬、劉宇軒、廖子軒、洪建華、廖雅婷、林子軒、吳思穎、周建華、周柏翰
**已分析筆記數：** 102/102
**查經經文：** 太 7:7-17
---
**📖 主題：**
*   恩典無限供應
*   從灰燼中重生
*   愛的冒險旅程
*   勇氣的代價
*   信心的飛躍
*   逆轉勝的故事

**🔍 事實發現：**
*   看到群眾的反應和耶穌形成對比
*   發現神的信實貫穿整個故事
*   注意到人物的轉變過程很戲劇化
*   看到了一個勇敢的人面對困難

**💡 獨特亮光：**
*   👤 周婷婷：Feeling the burn on this verse! 💪
*   👤 黃建華：原來神的心意是這樣的
*   👤 黃志偉：Feeling the burn on this verse! 💪
*   👤 王思穎：Feeling the burn on this verse! 💪
*   👤 楊宇軒：跟我以前理解的完全不同
*   👤 周小萱：原來神的心意是這樣的
*   👤 廖佳慧：原來神的心意是這樣的
*   👤 張俊傑：這個發現讓我重新思考信仰
*   👤 郭宇軒：跟我以前理解的完全不同
*   👤 林志偉：這個發現讓我重新思考信仰
*   👤 邱志偉：跟我以前理解的完全不同
*   👤 周冠宇：原來神的心意是這樣的
*   👤 黃怡君：跟我以前理解的完全不同
*   👤 吳思穎：這個發現讓我重新思考信仰
*   👤 林怡君：跟我以前理解的完全不同
*   👤 林家豪：原來神的心意是這樣的
*   👤 張雅琪：Feeling the burn on this verse! 💪
*   👤 謝雅琪：Feeling the burn on this verse! 💪
*   👤 廖雅雯：Feeling the burn on this verse! 💪
*   👤 曾欣怡：Feeling the burn on this verse! 💪
*   👤 陳佳穎：這個發現讓我重新思考信仰
*   👤 洪俊宏：Feeling the burn on this verse! 💪
*   👤 張佳穎：跟我以前理解的完全不同
*   👤 王建華：這個發現讓我重新思考信仰
*   👤 鄭美玲：原來神的心意是這樣的
*   👤 蔡怡君：跟我以前理解的完全不同
*   👤 曾承恩：Feeling the burn on this verse! 💪
*   👤 蔡佳慧：跟我以前理解的完全不同
*   👤 鄭俊宏：這個發現讓我重新思考信仰
*   👤 曾欣怡：原來神的心意是這樣的
*   👤 吳小萱：這個發現讓我重新思考信仰
*   👤 劉淑芬：Feeling the burn on this verse! 💪
*   👤 陳佳慧：Feeling the burn on this verse! 💪
*   👤 蔡志偉：Feeling the burn on this verse! 💪
*   👤 劉美玲：Feeling the burn on this verse! 💪
*   👤 謝雅雯：這個發現讓我重新思考信仰
*   👤 謝思穎：原來神的心意是這樣的
*   👤 松小貓：跟我以前理解的完全不同
*   👤 林佳穎：Feeling the burn on this verse! 💪
*   👤 吳子軒：跟我以前理解的完全不同
*   👤 劉芷晴：Feeling the burn on this verse! 💪
*   👤 林雅琪：跟我以前理解的完全不同
*   👤 賴雅琪：跟我以前理解的完全不同
*   👤 劉家豪：Feeling the burn on this verse! 💪
*   👤 黃彥廷：跟我以前理解的完全不同
*   👤 張雅琪：Feeling the burn on this verse! 💪
*   👤 曾雅婷：這個發現讓我重新思考信仰
*   👤 郭宜蓁：跟我以前理解的完全不同
*   👤 許詩涵：原來神的心意是這樣的
*   👤 黃宜蓁：原來神的心意是這樣的
*   👤 楊俊傑：跟我以前理解的完全不同
*   👤 劉冠宇：跟我以前理解的完全不同
*   👤 曾文傑：Feeling the burn on this verse! 💪
*   👤 周芷晴：跟我以前理解的完全不同
*   👤 洪志偉：這個發現讓我重新思考信仰
*   👤 鄭雨晴：Feeling the burn on this verse! 💪
*   👤 許美玲：Feeling the burn on this verse! 💪
*   👤 郭志明：跟我以前理解的完全不同
*   👤 王家豪：原來神的心意是這樣的
*   👤 鄭宇軒：跟我以前理解的完全不同
*   👤 洪芷晴：跟我以前理解的完全不同
*   👤 黃家豪：原來神的心意是這樣的
*   👤 陳明輝：跟我以前理解的完全不同
*   👤 洪國強：Feeling the burn on this verse! 💪
*   👤 廖佳慧：Feeling the burn on this verse! 💪
*   👤 謝家豪：這個發現讓我重新思考信仰
*   👤 鄭志偉：跟我以前理解的完全不同
*   👤 吳俊傑：這個發現讓我重新思考信仰
*   👤 許宜蓁：Feeling the burn on this verse! 💪
*   👤 郭淑芬：Feeling the burn on this verse! 💪
*   👤 劉宇軒：原來神的心意是這樣的
*   👤 廖子軒：Feeling the burn on this verse! 💪
*   👤 洪建華：Feeling the burn on this verse! 💪
*   👤 廖雅婷：Feeling the burn on this verse! 💪
*   👤 林子軒：Feeling the burn on this verse! 💪
*   👤 吳思穎：跟我以前理解的完全不同
*   👤 周建華：Feeling the burn on this verse! 💪
*   👤 周柏翰：原來神的心意是這樣的

**🎯 如何應用：**
*   找一個朋友分享這段經文
*   寫一封感謝信給神
*   實踐一次服務他人的行動
*   這週每天早起10分鐘禱告

---
**👤 個人貢獻摘要：**
*   丁怡君：未填寫
*   王彥廷：以「逆轉勝的故事」為主題，觀察到神的信實貫穿整個故事。
*   王建華：以「愛的冒險旅程」為主題，觀察到一個勇敢的人，並計畫每天早起禱告。
*   王家豪：以「愛的冒險旅程」為主題，洞察神的心意並計畫找朋友分享經文。
*   王思穎：以「勇氣的代價」為主題，觀察到神的信實並分享了個人洞見。
*   吳小萱：以「信心的飛躍」為主題，觀察到神的信實並認為這讓她重新思考信仰。
*   吳佳慧：以「信心的飛躍」為主題，觀察到一個勇敢的人面對困難。
*   吳俊傑：以「從灰燼中重生」為主題，認為這讓自己重新思考信仰，並計畫每天早起禱告。
*   吳思穎：提交了兩份筆記，分別以「從灰燼中重生」和「逆轉勝的故事」為主題，分享了個人洞見。
*   吳婷婷：以「恩典無限供應」為主題，觀察到群眾的反應和耶穌形成對比。
*   吳子軒：以「勇氣的代價」為主題，洞察與以往的理解不同，並計畫每天早起禱告。
*   周小萱：以「勇氣的代價」為主題，觀察到一個勇敢的人並洞察了神的心意。
*   周冠宇：以「逆轉勝的故事」為主題，洞察神的心意並計畫找朋友分享經文。
*   周建華：提交了兩份筆記，主題為「愛的冒險旅程」和「恩典無限供應」，並分享了個人洞見。
*   周柏翰：以「勇氣的代價」為主題，觀察到神的信實並洞察了神的心意。
*   周婷婷：以「恩典無限供應」為主題，觀察到群眾與耶穌的對比，並計畫找朋友分享經文。
*   周芷晴：提交了兩份筆記，主題為「逆轉勝的故事」和「恩典無限供應」，分享了個人洞見。
*   松小貓：以「從灰燼中重生」為主題，洞察與以往的理解不同，並計畫實踐服務他人的行動。
*   林子軒：以「愛的冒險旅程」為主題，觀察到群眾與耶穌的對比，並分享了個人洞見。
*   林志偉：以「信心的飛躍」為主題，認為這讓他重新思考信仰，並計畫實踐服務他人的行動。
*   林怡君：以「恩典無限供應」為主題，洞察與以往的理解不同，並計畫找朋友分享經文。
*   林佳穎：以「勇氣的代價」為主題，觀察到神的信實，並計畫寫感謝信給神。
*   林家豪：以「恩典無限供應」為主題，觀察到神的信實並洞察了神的心意。
*   林雅琪：以「愛的冒險旅程」為主題，洞察與以往的理解不同，並計畫寫感謝信給神。
*   邱志偉：以「逆轉勝的故事」為主題，觀察到一個勇敢的人，並分享了與以往不同的理解。
*   邱雅婷：以「信心的飛躍」為主題，觀察到神的信實貫穿整個故事。
*   洪俊宏：以「愛的冒險旅程」為主題，觀察到群眾與耶穌的對比，並計畫每天早起禱告。
*   洪國強：以「愛的冒險旅程」為主題，觀察到群眾與耶穌的對比，並計畫找朋友分享經文。
*   洪志明：以「逆轉勝的故事」為主題，注意到人物的轉變過程很戲劇化。
*   洪志偉：以「恩典無限供應」為主題，認為這讓他重新思考信仰。
*   洪建華：以「逆轉勝的故事」為主題，觀察到群眾與耶穌的對比，並分享了個人洞見。
*   洪芷晴：以「逆轉勝的故事」為主題，洞察與以往的理解不同，並計畫寫感謝信給神。
*   洪雅雯：以「愛的冒險旅程」為主題，注意到人物的轉變過程很戲劇化。
*   郭宇軒：以「信心的飛躍」為主題，洞察與以往的理解不同，並計畫寫感謝信給神。
*   郭宜蓁：以「愛的冒險旅程」為主題，觀察到神的信實，並分享了與以往不同的理解。
*   郭志明：以「勇氣的代價」為主題，洞察與以往的理解不同，並計畫找朋友分享經文。
*   郭家豪：以「勇氣的代價」為主題，觀察到神的信實貫穿整個故事。
*   郭淑芬：以「愛的冒險旅程」為主題，觀察到群眾與耶穌的對比，並分享了個人洞見。
*   陳佳慧：以「信心的飛躍」為主題，觀察到群眾與耶穌的對比，並分享了個人洞見。
*   陳佳穎：以「恩典無限供應」為主題，認為這讓她重新思考信仰。
*   陳明輝：以「信心的飛躍」為主題，洞察與以往的理解不同，並計畫寫感謝信給神。
*   曾文傑：提交了兩份筆記，分別以「勇氣的代價」和「恩典無限供應」為主題，分享了個人洞見。
*   曾承恩：以「恩典無限供應」為主題，注意到人物的轉變過程，並分享了個人洞見。
*   曾欣怡：提交了兩份筆記，主題為「勇氣的代價」和「從灰燼中重生」，分享了個人洞見。
*   曾雅婷：以「從灰燼中重生」為主題，認為這讓她重新思考信仰，並計畫找朋友分享經文。
*   黃冠宇：以「逆轉勝的故事」為主題，觀察到神的信實貫穿整個故事。
*   黃建華：以「從灰燼中重生」為主題，觀察到神的信實並洞察了神的心意。
*   黃志偉：以「從灰燼中重生」為主題，注意到人物的轉變，並計畫寫感謝信給神。
*   黃怡君：以「恩典無限供應」為主題，洞察與以往的理解不同，並計畫每天早起禱告。
*   黃宜蓁：以「恩典無限供應」為主題，注意到人物的轉變並洞察了神的心意。
*   黃家豪：以「信心的飛躍」為主題，注意到人物的轉變並洞察了神的心意。
*   黃彥廷：以「勇氣的代價」為主題，注意到人物的轉變，並分享了與以往不同的理解。
*   楊子軒：以「信心的飛躍」為主題，觀察到一個勇敢的人面對困難。
*   楊宇軒：提交了兩份筆記，分別以「恩典無限供應」和「愛的冒險旅程」為主題，分享了個人洞見。
*   楊俊傑：以「逆轉勝的故事」為主題，觀察到群眾與耶穌的對比，並分享了與以往不同的理解。
*   楊柏翰：以「勇氣的代價」為主題，觀察到一個勇敢的人面對困難。
*   廖小萱：以「信心的飛躍」為主題，注意到人物的轉變過程很戲劇化。
*   廖佳慧：提交了兩份筆記，主題為「恩典無限供應」和「信心的飛躍」，分享了個人洞見。
*   廖家豪：以「愛的冒險旅程」為主題，注意到人物的轉變過程很戲劇化。
*   廖雅婷：以「從灰燼中重生」為主題，觀察到神的信實，並分享了個人洞見。
*   廖雅雯：以「逆轉勝的故事」為主題，觀察到神的信實，並分享了個人洞見。
*   廖子軒：以「從灰燼中重生」為主題，觀察到神的信實，並計畫每天早起禱告。
*   鄭宇軒：以「勇氣的代價」為主題，洞察與以往的理解不同，並計畫實踐服務他人的行動。
*   鄭雨晴：以「逆轉勝的故事」為主題，觀察到神的信實，並計畫實踐服務他人的行動。
*   鄭俊宏：提交了兩份筆記，主題為「愛的冒險旅程」和「從灰燼中重生」，分享了個人洞見。
*   鄭家豪：以「愛的冒險旅程」為主題，注意到人物的轉變過程很戲劇化。
*   鄭美玲：以「逆轉勝的故事」為主題，洞察神的心意並計畫實踐服務他人的行動。
*   鄭志偉：以「愛的冒險旅程」為主題，觀察到一個勇敢的人，並分享了與以往不同的理解。
*   蔡怡君：以「從灰燼中重生」為主題，洞察與以往的理解不同，並計畫每天早起禱告。
*   蔡佳慧：以「恩典無限供應」為主題，洞察與以往的理解不同，並計畫找朋友分享經文。
*   蔡志偉：以「愛的冒險旅程」為主題，觀察到群眾與耶穌的對比，並計畫每天早起禱告。
*   劉宇軒：以「信心的飛躍」為主題，注意到人物的轉變並洞察了神的心意。
*   劉冠宇：以「恩典無限供應」為主題，注意到人物的轉變，並分享了與以往不同的理解。
*   劉俊宏：以「從灰燼中重生」為主題，觀察到一個勇敢的人面對困難。
*   劉家豪：以「愛的冒險旅程」為主題，觀察到一個勇敢的人，並計畫找朋友分享經文。
*   劉淑芬：以「勇氣的代價」為主題，觀察到神的信實，並計畫實踐服務他人的行動。
*   劉美玲：以「愛的冒險旅程」為主題，注意到人物的轉變，並計畫找朋友分享經文。
*   劉芷晴：以「信心的飛躍」為主題，觀察到神的信實，並分享了個人洞見。
*   賴宇軒：以「從灰燼中重生」為主題，注意到人物的轉變過程很戲劇化。
*   賴芷晴：以「勇氣的代價」為主題，注意到人物的轉變過程很戲劇化。
*   賴雅琪：提交了兩份筆記，主題為「愛的冒險旅程」和「勇氣的代價」，分享了個人洞見。
*   謝志偉：以「信心的飛躍」為主題，觀察到神的信實貫穿整個故事。
*   謝思穎：以「愛的冒險旅程」為主題，洞察神的心意並計畫寫感謝信給神。
*   謝家豪：以「勇氣的代價」為主題，認為這讓他重新思考信仰，並計畫實踐服務他人的行動。
*   謝雅琪：以「從灰燼中重生」為主題，注意到人物的轉變，並分享了個人洞見。
*   謝雅雯：以「愛的冒險旅程」為主題，認為這讓她重新思考信仰，並計畫實踐服務他人的行動。
*   許宜蓁：以「信心的飛躍」為主題，注意到人物的轉變，並分享了個人洞見。
*   許美玲：以「從灰燼中重生」為主題，觀察到群眾與耶穌的對比，並計畫實踐服務他人的行動。
*   許詩涵：以「愛的冒險旅程」為主題，觀察到神的信實並洞察了神的心意。
*   張俊傑：以「勇氣的代價」為主題，認為這讓他重新思考信仰，並計畫實踐服務他人的行動。
*   張佳穎：提交了兩份筆記，主題為「恩典無限供應」和「逆轉勝的故事」，分享了個人洞見。
*   張雅琪：提交了兩份筆記，主題為「逆轉勝的故事」和「愛的冒險旅程」，分享了個人洞見。";2026-01-27 16:45:31.893583+00;COMPLETED
9cc6cf45-e7eb-4bff-bea8-b10283c346e0;c76fe9c9-f2c1-445c-abc2-fe9bede2c2a1;overall;0;"**組別：** 第 1, 2, 3, 4, 5, 6, 7, 8, 9, 10, 11, 12, 13, 14, 15, 16, 17, 18, 19, 20, 21, 22, 23, 24, 25 組
**組員：** 周婷婷、黃建華、黃志偉、鄭家豪、王思穎、楊宇軒、周小萱、賴宇軒、鄭俊宏、廖佳慧、郭家豪、張俊傑、劉俊宏、郭宇軒、林志偉、吳婷婷、邱志偉、周冠宇、楊柏翰、曾文傑、黃怡君、吳思穎、林怡君、林家豪、王彥廷、張雅琪、謝雅琪、廖雅雯、曾欣怡、楊子軒、陳佳穎、洪俊宏、張佳穎、王建華、鄭美玲、蔡怡君、曾承恩、吳佳慧、蔡佳慧、吳小萱、劉淑芬、陳佳慧、蔡志偉、劉美玲、謝雅雯、周建華、謝思穎、松小貓、林佳穎、廖家豪、吳子軒、劉芷晴、林雅琪、洪雅雯、賴雅琪、劉家豪、黃彥廷、曾雅婷、郭宜蓁、許詩涵、洪志明、黃宜蓁、楊俊傑、劉冠宇、周芷晴、洪志偉、鄭雨晴、許美玲、郭志明、賴芷晴、王家豪、鄭宇軒、洪芷晴、黃冠宇、黃家豪、陳明輝、洪國強、謝家豪、鄭志偉、吳俊傑、廖小萱、謝志偉、許宜蓁、邱雅婷、郭淑芬、劉宇軒、廖子軒、洪建華、廖雅婷、林子軒、周柏翰
**已分析筆記數：** 102/102
**查經經文：** 太 7:7-17
---
**📖 主題：**
- 恩典無限供應
- 從灰燼中重生
- 勇氣的代價
- 愛的冒險旅程
- 信心的飛躍
- 逆轉勝的故事

**🔍 事實發現：**
- 看到群眾的反應和耶穌形成對比
- 發現神的信實貫穿整個故事
- 注意到人物的轉變過程很戲劇化
- 看到了一個勇敢的人面對困難

**💡 獨特亮光：**
- 👤 周婷婷：Feeling the burn on this verse! 💪
- 👤 黃建華：原來神的心意是這樣的
- 👤 黃志偉：Feeling the burn on this verse! 💪
- 👤 王思穎：Feeling the burn on this verse! 💪
- 👤 楊宇軒：跟我以前理解的完全不同
- 👤 周小萱：原來神的心意是這樣的
- 👤 廖佳慧：原來神的心意是這樣的
- 👤 郭宇軒：跟我以前理解的完全不同
- 👤 張俊傑：這個發現讓我重新思考信仰
- 👤 林志偉：這個發現讓我重新思考信仰
- 👤 邱志偉：跟我以前理解的完全不同
- 👤 周冠宇：原來神的心意是這樣的
- 👤 黃怡君：跟我以前理解的完全不同
- 👤 吳思穎：這個發現讓我重新思考信仰
- 👤 林怡君：跟我以前理解的完全不同
- 👤 林家豪：原來神的心意是這樣的
- 👤 張雅琪：Feeling the burn on this verse! 💪
- 👤 謝雅琪：Feeling the burn on this verse! 💪
- 👤 廖雅雯：Feeling the burn on this verse! 💪
- 👤 曾欣怡：Feeling the burn on this verse! 💪
- 👤 陳佳穎：這個發現讓我重新思考信仰
- 👤 洪俊宏：Feeling the burn on this verse! 💪
- 👤 張佳穎：跟我以前理解的完全不同
- 👤 王建華：這個發現讓我重新思考信仰
- 👤 鄭美玲：原來神的心意是這樣的
- 👤 蔡怡君：跟我以前理解的完全不同
- 👤 曾承恩：Feeling the burn on this verse! 💪
- 👤 蔡佳慧：跟我以前理解的完全不同
- 👤 鄭俊宏：這個發現讓我重新思考信仰
- 👤 曾欣怡：原來神的心意是這樣的
- 👤 吳小萱：這個發現讓我重新思考信仰
- 👤 劉淑芬：Feeling the burn on this verse! 💪
- 👤 陳佳慧：Feeling the burn on this verse! 💪
- 👤 蔡志偉：Feeling the burn on this verse! 💪
- 👤 劉美玲：Feeling the burn on this verse! 💪
- 👤 謝雅雯：這個發現讓我重新思考信仰
- 👤 謝思穎：原來神的心意是這樣的
- 👤 松小貓：跟我以前理解的完全不同
- 👤 林佳穎：Feeling the burn on this verse! 💪
- 👤 吳子軒：跟我以前理解的完全不同
- 👤 劉芷晴：Feeling the burn on this verse! 💪
- 👤 林雅琪：跟我以前理解的完全不同
- 👤 賴雅琪：跟我以前理解的完全不同
- 👤 劉家豪：Feeling the burn on this verse! 💪
- 👤 黃彥廷：跟我以前理解的完全不同
- 👤 張雅琪：Feeling the burn on this verse! 💪
- 👤 曾雅婷：這個發現讓我重新思考信仰
- 👤 郭宜蓁：跟我以前理解的完全不同
- 👤 許詩涵：原來神的心意是這樣的
- 👤 黃宜蓁：原來神的心意是這樣的
- 👤 楊俊傑：跟我以前理解的完全不同
- 👤 劉冠宇：跟我以前理解的完全不同
- 👤 曾文傑：Feeling the burn on this verse! 💪
- 👤 周芷晴：跟我以前理解的完全不同
- 👤 洪志偉：這個發現讓我重新思考信仰
- 👤 鄭雨晴：Feeling the burn on this verse! 💪
- 👤 許美玲：Feeling the burn on this verse! 💪
- 👤 郭志明：跟我以前理解的完全不同
- 👤 王家豪：原來神的心意是這樣的
- 👤 鄭宇軒：跟我以前理解的完全不同
- 👤 洪芷晴：跟我以前理解的完全不同
- 👤 黃家豪：原來神的心意是這樣的
- 👤 陳明輝：跟我以前理解的完全不同
- 👤 洪國強：Feeling the burn on this verse! 💪
- 👤 廖佳慧：Feeling the burn on this verse! 💪
- 👤 謝家豪：這個發現讓我重新思考信仰
- 👤 鄭志偉：跟我以前理解的完全不同
- 👤 吳俊傑：這個發現讓我重新思考信仰
- 👤 許宜蓁：Feeling the burn on this verse! 💪
- - 👤 郭淑芬：Feeling the burn on this verse! 💪
- 👤 劉宇軒：原來神的心意是這樣的
- 👤 廖子軒：Feeling the burn on this verse! 💪
- 👤 洪建華：Feeling the burn on this verse! 💪
- 👤 廖雅婷：Feeling the burn on this verse! 💪
- 👤 林子軒：Feeling the burn on this verse! 💪
- 👤 吳思穎：跟我以前理解的完全不同
- 👤 周建華：Feeling the burn on this verse! 💪
- 👤 周柏翰：原來神的心意是這樣的

**🎯 如何應用：**
- 找一個朋友分享這段經文
- 寫一封感謝信給神
- 實踐一次服務他人的行動
- 這週每天早起10分鐘禱告
---
**👤 個人貢獻摘要：**
- 周婷婷：分享了主題、經文觀察、核心洞察與行動計畫。
- 黃建華：分享了主題、經文觀察與核心洞察。
- 黃志偉：分享了主題、經文觀察、核心洞察與行動計畫。
- 鄭家豪：分享了主題與經文觀察。
- 王思穎：分享了主題、經文觀察與核心洞察。
- 楊宇軒：提交了兩份筆記，分享了主題、經文觀察、核心洞察與行動計畫。
- 周小萱：分享了主題、經文觀察與核心洞察。
- 賴宇軒：分享了主題與經文觀察。
- 鄭俊宏：提交了兩份筆記，分享了主題、經文觀察、核心洞察與行動計畫。
- 廖佳慧：提交了兩份筆記，分享了主題、經文觀察與核心洞察。
- 郭家豪：分享了主題與經文觀察。
- 張俊傑：分享了主題、經文觀察、核心洞察與行動計畫。
- 劉俊宏：分享了主題與經文觀察。
- 郭宇軒：分享了主題、經文觀察、核心洞察與行動計畫。
- 林志偉：分享了主題、經文觀察、核心洞察與行動計畫。
- 吳婷婷：分享了主題與經文觀察。
- 邱志偉：分享了主題、經文觀察與核心洞察。
- 周冠宇：分享了主題、經文觀察、核心洞察與行動計畫。
- 楊柏翰：分享了主題與經文觀察。
- 曾文傑：提交了兩份筆記，分享了主題、經文觀察、核心洞察與行動計畫。
- 黃怡君：分享了主題、經文觀察、核心洞察與行動計畫。
- 吳思穎：提交了兩份筆記，分享了主題、經文觀察、核心洞察與行動計畫。
- 林怡君：分享了主題、經文觀察、核心洞察與行動計畫。
- 林家豪：分享了主題、經文觀察與核心洞察。
- 王彥廷：分享了主題與經文觀察。
- 張雅琪：提交了兩份筆記，分享了主題、經文觀察、核心洞察與行動計畫。
- 謝雅琪：分享了主題、經文觀察與核心洞察。
- 廖雅雯：分享了主題、經文觀察與核心洞察。
- 曾欣怡：提交了兩份筆記，分享了主題、經文觀察、核心洞察與行動計畫。
- 楊子軒：分享了主題與經文觀察。
- 陳佳穎：分享了主題、經文觀察與核心洞察。
- 洪俊宏：分享了主題、經文觀察、核心洞察與行動計畫。
- 張佳穎：提交了兩份筆記，分享了主題、經文觀察、核心洞察與行動計畫。
- 王建華：分享了主題、經文觀察、核心洞察與行動計畫。
- 鄭美玲：分享了主題、經文觀察、核心洞察與行動計畫。
- 蔡怡君：分享了主題、經文觀察、核心洞察與行動計畫。
- 曾承恩：分享了主題、經文觀察與核心洞察。
- 吳佳慧：分享了主題與經文觀察。
- 蔡佳慧：分享了主題、經文觀察、核心洞察與行動計畫。
- 吳小萱：分享了主題、經文觀察與核心洞察。
- 劉淑芬：分享了主題、經文觀察、核心洞察與行動計畫。
- 陳佳慧：分享了主題、經文觀察與核心洞察。
- 蔡志偉：分享了主題、經文觀察、核心洞察與行動計畫。
- 劉美玲：分享了主題、經文觀察、核心洞察與行動計畫。
- 謝雅雯：分享了主題、經文觀察、核心洞察與行動計畫。
- 周建華：提交了三份筆記，分享了主題、經文觀察與核心洞察。
- 謝思穎：分享了主題、經文觀察、核心洞察與行動計畫。
- 松小貓：分享了主題、經文觀察、核心洞察與行動計畫。
- 林佳穎：分享了主題、經文觀察、核心洞察與行動計畫。
- 廖家豪：分享了主題與經文觀察。
- 吳子軒：分享了主題、經文觀察、核心洞察與行動計畫。
- 劉芷晴：分享了主題、經文觀察與核心洞察。
- 林雅琪：分享了主題、經文觀察、核心洞察與行動計畫。
- 洪雅雯：分享了主題與經文觀察。
- 賴雅琪：提交了三份筆記，分享了主題、經文觀察、核心洞察與行動計畫。
- 劉家豪：分享了主題、經文觀察、核心洞察與行動計畫。
- 黃彥廷：分享了主題、經文觀察與核心洞察。
- 曾雅婷：分享了主題、經文觀察、核心洞察與行動計畫。
- 郭宜蓁：分享了主題、經文觀察與核心洞察。
- 許詩涵：分享了主題、經文觀察與核心洞察。
- 洪志明：分享了主題與經文觀察。
- 黃宜蓁：分享了主題、經文觀察與核心洞察。
- 楊俊傑：分享了主題、經文觀察與核心洞察。
- 劉冠宇：分享了主題、經文觀察與核心洞察。
- 周芷晴：提交了三份筆記，分享了主題、經文觀察、核心洞察與行動計畫。
- 洪志偉：分享了主題、經文觀察與核心洞察。
- 鄭雨晴：分享了主題、經文觀察、核心洞察與行動計畫。
- 許美玲：分享了主題、經文觀察、核心洞察與行動計畫。
- 郭志明：分享了主題、經文觀察、核心洞察與行動計畫。
- 賴芷晴：分享了主題與經文觀察。
- 王家豪：分享了主題、經文觀察、核心洞察與行動計畫。
- 鄭宇軒：分享了主題、經文觀察、核心洞察與行動計畫。
- 洪芷晴：分享了主題、經文觀察、核心洞察與行動計畫。
- 黃冠宇：分享了主題與經文觀察。
- 黃家豪：分享了主題、經文觀察與核心洞察。
- 陳明輝：分享了主題、經文觀察、核心洞察與行動計畫。
- 洪國強：分享了主題、經文觀察、核心洞察與行動計畫。
- 謝家豪：分享了主題、經文觀察、核心洞察與行動計畫。
- 鄭志偉：分享了主題、經文觀察與核心洞察。
- 吳俊傑：分享了主題、經文觀察、核心洞察與行動計畫。
- 廖小萱：分享了主題與經文觀察。
- 謝志偉：分享了主題與經文觀察。
- 許宜蓁：分享了主題、經文觀察與核心洞察。
- 邱雅婷：分享了主題與經文觀察。
- 郭淑芬：分享了主題、經文觀察與核心洞察。
- 劉宇軒：分享了主題、經文觀察與核心洞察。
- 廖子軒：分享了主題、經文觀察、核心洞察與行動計畫。
- 洪建華：分享了主題、經文觀察與核心洞察。
- 廖雅婷：分享了主題、經文觀察與核心洞察。
- 林子軒：分享了主題、經文觀察與核心洞察。
- 周柏翰：分享了主題、經文觀察、核心洞察與行動計畫。";2026-01-27 16:53:09.177818+00;COMPLETED
26806e35-2515-4c93-84cb-c9902425ba87;7bd622e6-4e61-4167-96e9-067c0559b19a;group;3;"**組別：** 第 3 組
**組員：** 廖家豪、陳俊傑、松小貓、楊俊傑
**已分析筆記數：** 4/4
**查經經文：** 馬 3:2-12
---
**📖 主題：**
*   愛的冒險旅程
*   勇氣的代價
*   信心的飛躍
*   從灰燼中重生

**🔍 事實發現：**
*   神的信實貫穿整個故事
*   看到了一個勇敢的人面對困難
*   看到群眾的反應和耶穌形成對比

**💡 獨特亮光：**
*   👤 廖家豪：第五節讓我心跳加速！
*   👤 陳俊傑：感覺神在直接對我說話
*   👤 松小貓：感覺神在直接對我說話；原來神的心意是這樣的
*   👤 楊俊傑：感覺神在直接對我說話

**🎯 如何應用：**
*   找一個朋友分享這段經文
*   發現自己需要更多安靜的時間

---
**👤 個人貢獻摘要：**
*   廖家豪：觀察到神的信實，並從經文中感受到心跳加速，計劃與朋友分享並反思需要更多安靜時間。
*   陳俊傑：感受到神直接對話，並觀察到勇敢的人面對困難。
*   松小貓：感受到神直接對話，觀察到群眾與耶穌的對比，並理解神的心意，計劃與朋友分享並反思需要更多安靜時間。
*   楊俊傑：感受到神直接對話，並觀察到勇敢的人面對困難。";2026-01-27 17:08:57.952777+00;COMPLETED
558f7557-eba4-478b-99ce-b85e790292e6;7bd622e6-4e61-4167-96e9-067c0559b19a;group;2;"**組別：** 第 2 組
**組員：** 劉彥廷、劉思穎、洪佳穎、林文傑
**已分析筆記數：** 4/4
**查經經文：** 馬 3:2-12
---
**📖 主題：**
*   從灰燼中重生
*   逆轉勝的故事
*   愛的冒險旅程

**🔍 事實發現：**
*   神的信實貫穿整個故事。
*   人物的轉變過程很戲劇化。
*   看到了一個勇敢的人面對困難。

**💡 獨特亮光：**
*   👤 劉彥廷：這句話深深觸動我的心。
*   👤 劉思穎：這是我今年最需要的提醒。
*   👤 洪佳穎：感覺神在直接對我說話。
*   👤 林文傑：感覺神在直接對我說話。

**🎯 如何應用：**
*   這週每天早起10分鐘禱告。
*   找一個朋友分享這段經文。

---
**👤 個人貢獻摘要：**
*   **劉彥廷：** 標題為「從灰燼中重生」，發現神的信實貫穿整個故事，並有一句經文深深觸動他的心。
*   **劉思穎：** 標題為「逆轉勝的故事」，認為經文是今年最需要的提醒，注意到人物轉變過程戲劇化，核心洞察類型為WARNING，並計劃這週每天早起10分鐘禱告。
*   **洪佳穎：** 標題為「愛的冒險旅程」，感覺神在直接對她說話，並發現神的信實貫穿整個故事。
*   **林文傑：** 標題為「愛的冒險旅程」，感覺神在直接對他說話，看到一個勇敢的人面對困難，核心洞察類型為COMMAND，並計劃找一個朋友分享這段經文。";2026-01-27 17:08:58.071093+00;COMPLETED
1a470cba-76bf-4855-9930-79c2620a12af;7bd622e6-4e61-4167-96e9-067c0559b19a;group;1;"**組別：** 第 1 組
**組員：** 曾柏翰、蔡俊宏、廖美玲、陳家豪
**已分析筆記數：** 4/4
**查經經文：** 馬 3:2-12
---
**📖 主題：**
*   勇氣的代價
*   逆轉勝的故事
*   從灰燼中重生

**🔍 事實發現：**
*   群眾的反應和耶穌形成對比
*   神的信實貫穿整個故事

**💡 獨特亮光：**
*   👤 曾柏翰：這是我今年最需要的提醒。
*   👤 蔡俊宏：這句話深深觸動我的心。
*   👤 廖美玲：第五節讓我心跳加速！
*   👤 陳家豪：感覺神在直接對我說話。

**🎯 如何應用：**
*   實踐一次服務他人的行動
*   找一個朋友分享這段經文
*   想為家人禱告

---
**👤 個人貢獻摘要：**
*   曾柏翰：觀察到群眾反應與耶穌的對比，並認為經文是今年最需要的提醒。
*   蔡俊宏：觀察到群眾反應與耶穌的對比，並計劃實踐服務他人的行動。
*   廖美玲：發現神的信實貫穿故事，並認為經文與她以前的理解不同。
*   陳家豪：發現神的信實貫穿故事，並計劃找朋友分享經文及為家人禱告。";2026-01-27 17:08:58.205251+00;COMPLETED
0016c430-d214-42e8-8558-9f86ac6c2784;83de0b7f-6899-44d7-9b07-9cdd7890a4f4;overall;0;"**組別：** 第 1 組
**組員：** Anne Lee、松小貓
**已分析筆記數：** 2/2
**查經經文：** 箴言 3:1-3
---
**📖 主題：**
父親給兒子的叮嚀與教誨。

**🔍 事實發現：**
經文作者是所羅門。內容描述兒子與父親的關係，指出神的慈愛、誠實與命令，會使人長久並有平安。

**💡 獨特亮光：**
*   👤 Anne Lee：不可倚靠自己的悟性，要全心信靠耶和華。
*   👤 松小貓：神命令我們不要忘記祂的教誨，要把祂的慈愛與誠實像項鍊一樣謹慎保護，因為我們可能會疏忽或忘記。神是一位非常愛我們的父親。

**🎯 如何應用：**
*   跟神禱告。
*   更謹慎地保護神給的愛，以及祂的慈愛與誠信。
---
**👤 個人貢獻摘要：**
*   **Anne Lee：** 提出不可倚靠自己，要全心信靠耶和華，並計畫要跟神禱告。
*   **松小貓：** 觀察到神的命令與慈愛會帶來長久平安，並提醒要像保護項鍊一樣保護神的愛。";2026-01-27 15:03:11.407065+00;COMPLETED
f31c326c-7ca1-40d6-a1b5-aba9082d8fff;7bd622e6-4e61-4167-96e9-067c0559b19a;overall;0;"**組別：** 第 1 組
**組員：** 曾柏翰、蔡俊宏、廖美玲、陳家豪
**已分析筆記數：** 4/4
**查經經文：** 馬 3:2-12
---
**📖 主題：**
勇氣的代價、逆轉勝的故事、從灰燼中重生

**🔍 事實發現：**
看到群眾的反應和耶穌形成對比、發現神的信實貫穿整個故事。

**💡 獨特亮光：**
👤 曾柏翰：Feeling the burn on this verse! 💪
👤 蔡俊宏：Feeling the burn on this verse! 💪
👤 廖美玲：跟我以前理解的完全不同。
👤 陳家豪：原來神的心意是這樣的。

**🎯 如何應用：**
實踐一次服務他人的行動、找一個朋友分享這段經文。
---
**👤 個人貢獻摘要：**
**曾柏翰：** 提供了主題、觀察與亮光。
**蔡俊宏：** 提供了主題、觀察、亮光與應用。
**廖美玲：** 提供了主題、觀察與亮光。
**陳家豪：** 提供了主題、觀察、亮光與應用。

**組別：** 第 2 組
**組員：** 劉彥廷、劉思穎、洪佳穎、林文傑
**已分析筆記數：** 4/4
**查經經文：** 馬 3:2-12
---
**📖 主題：**
從灰燼中重生、逆轉勝的故事、愛的冒險旅程

**🔍 事實發現：**
發現神的信實貫穿整個故事、注意到人物的轉變過程很戲劇化、看到了一個勇敢的人面對困難。

**💡 獨特亮光：**
👤 劉彥廷：未填寫
👤 劉思穎：這個發現讓我重新思考信仰。
👤 洪佳穎：未填寫
👤 林文傑：Feeling the burn on this verse! 💪

**🎯 如何應用：**
這週每天早起10分鐘禱告、找一個朋友分享這段經文。
---
**👤 個人貢獻摘要：**
**劉彥廷：** 提供了主題與觀察。
**劉思穎：** 提供了主題、觀察、亮光與應用。
**洪佳穎：** 提供了主題與觀察。
**林文傑：** 提供了主題、觀察、亮光與應用。

**組別：** 第 3 組
**組員：** 廖家豪、陳俊傑、松小貓、楊俊傑
**已分析筆記數：** 4/4
**查經經文：** 馬 3:2-12
---
**📖 主題：**
愛的冒險旅程、勇氣的代價、信心的飛躍、從灰燼中重生

**🔍 事實發現：**
發現神的信實貫穿整個故事、看到了一個勇敢的人面對困難、看到群眾的反應和耶穌形成對比。

**💡 獨特亮光：**
👤 廖家豪：Feeling the burn on this verse! 💪
👤 陳俊傑：未填寫
👤 松小貓：原來神的心意是這樣的。
👤 楊俊傑：未填寫

**🎯 如何應用：**
找一個朋友分享這段經文。
---
**👤 個人貢獻摘要：**
**廖家豪：** 提供了主題、觀察、亮光與應用。
**陳俊傑：** 提供了主題與觀察。
**松小貓：** 提供了主題、觀察、亮光與應用。
**楊俊傑：** 提供了主題與觀察。

**組別：** 第 4 組
**組員：** 李怡君、賴婷婷、張佳穎
**已分析筆記數：** 3/3
**查經經文：** 馬 3:2-12
---
**📖 主題：**
從灰燼中重生、信心的飛躍、恩典無限供應

**🔍 事實發現：**
注意到人物的轉變過程很戲劇化、看到了一個勇敢的人面對困難。

**💡 獨特亮光：**
👤 李怡君：跟我以前理解的完全不同。
👤 賴婷婷：Feeling the burn on this verse! 💪
👤 張佳穎：未填寫

**🎯 如何應用：**
寫一封感謝信給神。
---
**👤 個人貢獻摘要：**
**李怡君：** 提供了主題、觀察、亮光與應用。
**賴婷婷：** 提供了主題、觀察、亮光與應用。
**張佳穎：** 提供了主題與觀察。

**組別：** 第 5 組
**組員：** 賴志明、邱思穎、洪子軒
**已分析筆記數：** 3/3
**查經經文：** 馬 3:2-12
---
**📖 主題：**
逆轉勝的故事、愛的冒險旅程

**🔍 事實發現：**
看到了一個勇敢的人面對困難、看到群眾的反應和耶穌形成對比、注意到人物的轉變過程很戲劇化。

**💡 獨特亮光：**
👤 賴志明：這個發現讓我重新思考信仰。
👤 邱思穎：這個發現讓我重新思考信仰。
👤 洪子軒：這個發現讓我重新思考信仰。

**🎯 如何應用：**
實踐一次服務他人的行動、找一個朋友分享這段經文。
---
**👤 個人貢獻摘要：**
**賴志明：** 提供了主題、觀察與亮光。
**邱思穎：** 提供了主題、觀察、亮光與應用。
**洪子軒：** 提供了主題、觀察、亮光與應用。

**組別：** 第 6 組
**組員：** 鄭雅婷、鄭佳穎、黃佳穎、許小萱、林柏翰、劉建華
**已分析筆記數：** 6/6
**查經經文：** 馬 3:2-12
---
**📖 主題：**
逆轉勝的故事、愛的冒險旅程、恩典無限供應、信心的飛躍

**🔍 事實發現：**
看到了一個勇敢的人面對困難、看到群眾的反應和耶穌形成對比、發現神的信實貫穿整個故事、注意到人物的轉變過程很戲劇化。

**💡 獨特亮光：**
👤 鄭雅婷：原來神的心意是這樣的。
👤 鄭佳穎：Feeling the burn on this verse! 💪
👤 黃佳穎：原來神的心意是這樣的。
👤 許小萱：未填寫
👤 林柏翰：Feeling the burn on this verse! 💪
👤 劉建華：跟我以前理解的完全不同。

**🎯 如何應用：**
找一個朋友分享這段經文、實踐一次服務他人的行動、這週每天早起10分鐘禱告。
---
**👤 個人貢獻摘要：**
**鄭雅婷：** 提供了主題、觀察、亮光與應用。
**鄭佳穎：** 提供了主題、觀察、亮光與應用。
**黃佳穎：** 提供了主題、觀察、亮光與應用。
**許小萱：** 提供了主題與觀察。
**林柏翰：** 提供了主題、觀察與亮光。
**劉建華：** 提供了主題、觀察、亮光與應用。";2026-01-27 17:09:50.220207+00;COMPLETED
c5cb8a42-fc3e-4e07-a5d9-6778e31edf8c;03ad48a2-45a5-4f90-8e21-b263afc52cf1;group;6;"**組別：** 第 6 組
**組員：** 洪思穎、王家豪、劉偉強、邱小萱
**已分析筆記數：** 4/4
**查經經文：** 希 3:2-8
---
**📖 主題：**
*   從灰燼中重生
*   恩典無限供應
*   愛的冒險旅程

**🔍 事實發現：**
*   發現神的信實貫穿整個故事。
*   注意到人物的轉變過程很戲劇化。
*   看到群眾的反應和耶穌形成對比。

**💡 獨特亮光：**
*   👤 洪思穎：這個發現讓我重新思考信仰。
*   👤 王家豪：跟我以前理解的完全不同。
*   👤 劉偉強：Feeling the burn on this verse! 💪
*   👤 邱小萱：原來神的心意是這樣的。

**🎯 如何應用：**
*   這週每天早起10分鐘禱告。
*   實踐一次服務他人的行動。
---
**👤 個人貢獻摘要：**
*   **洪思穎：** 提出「從灰燼中重生」主題，觀察到神的信實，並計劃每天禱告。
*   **王家豪：** 提出「恩典無限供應」主題，注意到人物轉變，並計劃服務他人。
*   **劉偉強：** 提出「從灰燼中重生」主題，並觀察到群眾與耶穌的對比。
*   **邱小萱：** 提出「愛的冒險旅程」主題，分享對神心意的看見，並計劃每天禱告。";2026-01-27 17:37:45.257832+00;COMPLETED
6025e0de-ac0c-4e4c-a234-eac624de58ab;03ad48a2-45a5-4f90-8e21-b263afc52cf1;group;2;"**組別：** 第 2 組
**組員：** 黃志偉、張淑芬、吳宇軒、李俊傑、謝建華
**已分析筆記數：** 5/5
**查經經文：** 希 3:2-8
---
**📖 主題：**
*   愛的冒險旅程
*   勇氣的代價
*   逆轉勝的故事

**🔍 事實發現：**
*   注意到人物的轉變過程很戲劇化。
*   發現神的信實貫穿整個故事。

**💡 獨特亮光：**
*   👤 黃志偉：跟我以前理解的完全不同。
*   👤 張淑芬：原來神的心意是這樣的。
*   👤 吳宇軒：未填寫
*   👤 李俊傑：跟我以前理解的完全不同。
*   👤 謝建華：未填寫

**🎯 如何應用：**
*   👤 黃志偉：找一個朋友分享這段經文。
*   👤 張淑芬：找一個朋友分享這段經文。
*   👤 吳宇軒：未填寫
*   👤 李俊傑：未填寫
*   👤 謝建華：未填寫
---
**👤 個人貢獻摘要：**
*   **黃志偉：** 提出主題「愛的冒險旅程」，觀察到人物轉變的戲劇性，亮光是理解與以往不同，並計劃找朋友分享經文。
*   **張淑芬：** 提出主題「勇氣的代價」，觀察到人物轉變的戲劇性，亮光是理解了神的心意，並計劃找朋友分享經文。
*   **吳宇軒：** 提出主題「逆轉勝的故事」，並觀察到人物轉變的戲劇性。
*   **李俊傑：** 提出主題「逆轉勝的故事」，發現神的信實貫穿故事，亮光是理解與以往不同。
*   **謝建華：** 提出主題「逆轉勝的故事」，並發現神的信實貫穿整個故事。";2026-01-27 17:37:46.264884+00;COMPLETED
1877c172-a5c1-47ac-809e-c8bb295d687d;03ad48a2-45a5-4f90-8e21-b263afc52cf1;overall;0;"好的，這份報告將根據您提供的 51 份筆記進行忠實整理。

---
**組別：** 第 1 組
**組員：** 松小貓、楊雅琪、周芷晴、許佳慧、郭美玲
**已分析筆記數：** 5/5
**查經經文：** 希 3:2-8
---
**📖 主題：**
信心的飛躍、愛的冒險旅程、從灰燼中重生、恩典無限供應、逆轉勝的故事

**🔍 事實發現：**
看到了一個勇敢的人面對困難、看到群眾的反應和耶穌形成對比、發現神的信實貫穿整個故事

**💡 獨特亮光：**
👤 松小貓：跟我以前理解的完全不同
👤 楊雅琪：Feeling the burn on this verse! 💪
👤 周芷晴：原來神的心意是這樣的
👤 郭美玲：Feeling the burn on this verse! 💪

**🎯 如何應用：**
這週每天早起10分鐘禱告

---
**👤 個人貢獻摘要：**
*   **松小貓：** 提出「信心的飛躍」主題，觀察到勇敢的人，並分享了與以往理解不同的洞察。
*   **楊雅琪：** 提出「愛的冒險旅程」主題，觀察到群眾與耶穌的對比，並分享了個人感受。
*   **周芷晴：** 提出「從灰燼中重生」主題，觀察到群眾與耶穌的對比，並分享對神心意的理解，計劃每天禱告。
*   **許佳慧：** 提出「恩典無限供應」主題，並觀察到神的信實。
*   **郭美玲：** 提出「逆轉勝的故事」主題，觀察到神的信實，並分享了個人感受。

---
**組別：** 第 2 組
**組員：** 謝建華、黃志偉、吳宇軒、張淑芬、李俊傑
**已分析筆記數：** 5/5
**查經經文：** 希 3:2-8
---
**📖 主題：**
逆轉勝的故事、愛的冒險旅程、勇氣的代價

**🔍 事實發現：**
發現神的信實貫穿整個故事、注意到人物的轉變過程很戲劇化

**💡 獨特亮光：**
👤 黃志偉：跟我以前理解的完全不同
👤 張淑芬：原來神的心意是這樣的
👤 李俊傑：跟我以前理解的完全不同

**🎯 如何應用：**
找一個朋友分享這段經文

---
**👤 個人貢獻摘要：**
*   **謝建華：** 提出「逆轉勝的故事」主題，並觀察到神的信實。
*   **黃志偉：** 提出「愛的冒險旅程」主題，觀察到人物轉變，分享了與以往理解不同的洞察，並計劃分享經文。
*   **吳宇軒：** 提出「逆轉勝的故事」主題，並觀察到人物轉變的戲劇化。
*   **張淑芬：** 提出「勇氣的代價」主題，觀察到人物轉變，分享對神心意的理解，並計劃分享經文。
*   **李俊傑：** 提出「逆轉勝的故事」主題，觀察到神的信實，並分享了與以往理解不同的洞察。

---
**組別：** 第 3 組
**組員：** 黃建華、謝志明、郭明輝、謝詩涵、蔡雅雯
**已分析筆記數：** 5/5
**查經經文：** 希 3:2-8
---
**📖 主題：**
勇氣的代價、恩典無限供應、逆轉勝的故事

**🔍 事實發現：**
看到了一個勇敢的人面對困難、注意到人物的轉變過程很戲劇化、看到群眾的反應和耶穌形成對比、發現神的信實貫穿整個故事

**💡 獨特亮光：**
👤 黃建華：跟我以前理解的完全不同
👤 謝志明：跟我以前理解的完全不同

**🎯 如何應用：**
這週每天早起10分鐘禱告

---
**👤 個人貢獻摘要：**
*   **黃建華：** 提出「勇氣的代價」主題，觀察到勇敢的人，並分享了與以往理解不同的洞察。
*   **謝志明：** 提出「勇氣的代價」主題，觀察到人物轉變，分享了與以往理解不同的洞察，並計劃每天禱告。
*   **郭明輝：** 提出「恩典無限供應」主題，並觀察到群眾與耶穌的對比。
*   **謝詩涵：** 提出「逆轉勝的故事」主題，並觀察到神的信實。
*   **蔡雅雯：** 提出「恩典無限供應」主題，並觀察到群眾與耶穌的對比。

---
**組別：** 第 4 組
**組員：** 曾欣怡、賴建華、郭佳慧、楊志偉
**已分析筆記數：** 4/4
**查經經文：** 希 3:2-8
---
**📖 主題：**
愛的冒險旅程、逆轉勝的故事、恩典無限供應

**🔍 事實發現：**
發現神的信實貫穿整個故事、注意到人物的轉變過程很戲劇化、看到了一個勇敢的人面對困難

**💡 獨特亮光：**
👤 賴建華：原來神的心意是這樣的

**🎯 如何應用：**
（未填寫）

---
**👤 個人貢獻摘要：**
*   **曾欣怡：** 提出「愛的冒險旅程」主題，並觀察到神的信實。
*   **賴建華：** 提出「逆轉勝的故事」主題，觀察到人物轉變，並分享對神心意的理解。
*   **郭佳慧：** 提出「恩典無限供應」主題，並觀察到勇敢的人。
*   **楊志偉：** 提出「愛的冒險旅程」主題，並觀察到人物轉變的戲劇化。

---
**組別：** 第 5 組
**組員：** 楊雅琪、周雅琪、許偉強、李家豪
**已分析筆記數：** 4/4
**查經經文：** 希 3:2-8
---
**📖 主題：**
從灰燼中重生、逆轉勝的故事、信心的飛躍、恩典無限供應

**🔍 事實發現：**
發現神的信實貫穿整個故事、注意到人物的轉變過程很戲劇化、看到了一個勇敢的人面對困難

**💡 獨特亮光：**
👤 周雅琪：Feeling the burn on this verse! 💪
👤 許偉強：Feeling the burn on this verse! 💪
👤 李家豪：跟我以前理解的完全不同

**🎯 如何應用：**
寫一封感謝信給神

---
**👤 個人貢獻摘要：**
*   **楊雅琪：** 提出「從灰燼中重生」主題，並觀察到神的信實。
*   **周雅琪：** 提出「逆轉勝的故事」主題，觀察到人物轉變，並分享了個人感受。
*   **許偉強：** 提出「信心的飛躍」主題，觀察到勇敢的人，分享個人感受，並計劃寫感謝信。
*   **李家豪：** 提出「恩典無限供應」主題，觀察到神的信實，分享了與以往理解不同的洞察，並計劃寫感謝信。

---
**組別：** 第 6 組
**組員：** 劉偉強、洪思穎、王家豪、邱小萱
**已分析筆記數：** 4/4
**查經經文：** 希 3:2-8
---
**📖 主題：**
從灰燼中重生、恩典無限供應、愛的冒險旅程

**🔍 事實發現：**
看到群眾的反應和耶穌形成對比、發現神的信實貫穿整個故事、注意到人物的轉變過程很戲劇化

**💡 獨特亮光：**
👤 劉偉強：Feeling the burn on this verse! 💪
👤 洪思穎：這個發現讓我重新思考信仰
👤 王家豪：跟我以前理解的完全不同
👤 邱小萱：原來神的心意是這樣的

**🎯 如何應用：**
這週每天早起10分鐘禱告、實踐一次服務他人的行動

---
**👤 個人貢獻摘要：**
*   **劉偉強：** 提出「從灰燼中重生」主題，觀察到群眾與耶穌的對比，並分享了個人感受。
*   **洪思穎：** 提出「從灰燼中重生」主題，觀察到神的信實，分享了信仰上的反思，並計劃每天禱告。
*   **王家豪：** 提出「恩典無限供應」主題，觀察到人物轉變，分享了與以往理解不同的洞察，並計劃服務他人。
*   **邱小萱：** 提出「愛的冒險旅程」主題，觀察到人物轉變，分享對神心意的理解，並計劃每天禱告。

---
**組別：** 第 7 組
**組員：** 鄭佳慧、洪雨晴、郭文傑、張建華
**已分析筆記數：** 4/4
**查經經文：** 希 3:2-8
---
**📖 主題：**
勇氣的代價、信心的飛躍、恩典無限供應

**🔍 事實發現：**
發現神的信實貫穿整個故事、看到了一個勇敢的人面對困難、看到群眾的反應和耶穌形成對比

**💡 獨特亮光：**
👤 鄭佳慧：Feeling the burn on this verse! 💪
👤 郭文傑：跟我以前理解的完全不同

**🎯 如何應用：**
寫一封感謝信給神

---
**👤 個人貢獻摘要：**
*   **鄭佳慧：** 提出「勇氣的代價」主題，觀察到神的信實，分享個人感受，並計劃寫感謝信。
*   **洪雨晴：** 提出「信心的飛躍」主題，並觀察到勇敢的人。
*   **郭文傑：** 提出「恩典無限供應」主題，觀察到神的信實，並分享了與以往理解不同的洞察。
*   **張建華：** 提出「恩典無限供應」主題，並觀察到群眾與耶穌的對比。

---
**組別：** 第 8 組
**組員：** 曾思穎、黃彥廷、王雅琪、郭佳穎、陳小萱
**已分析筆記數：** 5/5
**查經經文：** 希 3:2-8
---
**📖 主題：**
逆轉勝的故事、勇氣的代價

**🔍 事實發現：**
發現神的信實貫穿整個故事、注意到人物的轉變過程很戲劇化、看到了一個勇敢的人面對困難

**💡 獨特亮光：**
👤 曾思穎：這個發現讓我重新思考信仰
👤 黃彥廷：跟我以前理解的完全不同
👤 王雅琪：跟我以前理解的完全不同
👤 郭佳穎：原來神的心意是這樣的
👤 陳小萱：這個發現讓我重新思考信仰

**🎯 如何應用：**
找一個朋友分享這段經文

---
**👤 個人貢獻摘要：**
*   **曾思穎：** 提出「逆轉勝的故事」主題，觀察到神的信實，並分享了信仰上的反思。
*   **黃彥廷：** 提出「勇氣的代價」主題，觀察到人物轉變，並分享了與以往理解不同的洞察。
*   **王雅琪：** 提出「逆轉勝的故事」主題，觀察到勇敢的人，分享了與以往理解不同的洞察，並計劃分享經文。
*   **郭佳穎：** 提出「勇氣的代價」主題，觀察到人物轉變，並分享對神心意的理解。
*   **陳小萱：** 提出「逆轉勝的故事」主題，觀察到勇敢的人，並分享了信仰上的反思。

---
**組別：** 第 9 組
**組員：** 廖芷晴、鄭明輝、郭俊宏、謝怡君、許彥廷、劉子軒、蔡冠宇
**已分析筆記數：** 7/7
**查經經文：** 希 3:2-8
---
**📖 主題：**
恩典無限供應、從灰燼中重生、勇氣的代價、逆轉勝的故事

**🔍 事實發現：**
看到了一個勇敢的人面對困難、注意到人物的轉變過程很戲劇化

**💡 獨特亮光：**
👤 廖芷晴：跟我以前理解的完全不同
👤 鄭明輝：跟我以前理解的完全不同
👤 郭俊宏：Feeling the burn on this verse! 💪
👤 謝怡君：原來神的心意是這樣的
👤 許彥廷：原來神的心意是這樣的
👤 劉子軒：跟我以前理解的完全不同
👤 蔡冠宇：原來神的心意是這樣的

**🎯 如何應用：**
實踐一次服務他人的行動、找一個朋友分享這段經文、這週每天早起10分鐘禱告

---
**👤 個人貢獻摘要：**
*   **廖芷晴：** 提出「恩典無限供應」主題，觀察到勇敢的人，並分享了與以往理解不同的洞察。
*   **鄭明輝：** 提出「恩典無限供應」主題，觀察到人物轉變，並分享了與以往理解不同的洞察。
*   **郭俊宏：** 提出「從灰燼中重生」主題，觀察到勇敢的人，並分享了個人感受。
*   **謝怡君：** 提出「勇氣的代價」主題，觀察到人物轉變，並分享對神心意的理解。
*   **許彥廷：** 提出「勇氣的代價」主題，觀察到勇敢的人，分享對神心意的理解，並計劃服務他人。
*   **劉子軒：** 提出「逆轉勝的故事」主題，觀察到人物轉變，分享了與以往理解不同的洞察，並計劃分享經文。
*   **蔡冠宇：** 提出「勇氣的代價」主題，觀察到人物轉變，分享對神心意的理解，並計劃每天禱告。

---
**組別：** 第 10 組
**組員：** 蔡雅琪、張明輝、黃俊傑、陳雅雯
**已分析筆記數：** 4/4
**查經經文：** 希 3:2-8
---
**📖 主題：**
從灰燼中重生、愛的冒險旅程、勇氣的代價

**🔍 事實發現：**
看到了一個勇敢的人面對困難、發現神的信實貫穿整個故事、注意到人物的轉變過程很戲劇化

**💡 獨特亮光：**
👤 蔡雅琪：這個發現讓我重新思考信仰
👤 張明輝：這個發現讓我重新思考信仰
👤 黃俊傑：跟我以前理解的完全不同
👤 陳雅雯：跟我以前理解的完全不同

**🎯 如何應用：**
這週每天早起10分鐘禱告、實踐一次服務他人的行動、寫一封感謝信給神

---
**👤 個人貢獻摘要：**
*   **蔡雅琪：** 提出「從灰燼中重生」主題，觀察到勇敢的人，分享了信仰上的反思，並計劃每天禱告。
*   **張明輝：** 提出「愛的冒險旅程」主題，觀察到神的信實，分享了信仰上的反思，並計劃服務他人。
*   **黃俊傑：** 提出「勇氣的代價」主題，觀察到人物轉變，並分享了與以往理解不同的洞察。
*   **陳雅雯：** 提出「愛的冒險旅程」主題，觀察到神的信實，分享了與以往理解不同的洞察，並計劃寫感謝信。

---
**組別：** 第 11 組
**組員：** 周子軒、李婷婷、劉建華、黃詩涵
**已分析筆記數：** 4/4
**查經經文：** 希 3:2-8
---
**📖 主題：**
信心的飛躍、從灰燼中重生

**🔍 事實發現：**
看到了一個勇敢的人面對困難、注意到人物的轉變過程很戲劇化、看到群眾的反應和耶穌形成對比

**💡 獨特亮光：**
👤 周子軒：原來神的心意是這樣的
👤 劉建華：原來神的心意是這樣的
👤 黃詩涵：Feeling the burn on this verse! 💪

**🎯 如何應用：**
找一個朋友分享這段經文、寫一封感謝信給神

---
**👤 個人貢獻摘要：**
*   **周子軒：** 提出「信心的飛躍」主題，觀察到勇敢的人，分享對神心意的理解，並計劃分享經文。
*   **李婷婷：** 提出「信心的飛躍」主題，並觀察到人物轉變的戲劇化。
*   **劉建華：** 提出「從灰燼中重生」主題，觀察到人物轉變，並分享對神心意的理解。
*   **黃詩涵：** 提出「信心的飛躍」主題，觀察到群眾與耶穌的對比，分享個人感受，並計劃寫感謝信。";2026-01-27 17:39:09.332648+00;COMPLETED
4add841d-fe82-4fad-9b73-34b0b03cb089;03ad48a2-45a5-4f90-8e21-b263afc52cf1;group;8;"**組別：** 第 8 組
**組員：** 王雅琪、陳小萱、曾思穎、郭佳穎、黃彥廷
**已分析筆記數：** 5/5
**查經經文：** 希 3:2-8
---
**📖 主題：**
逆轉勝的故事、勇氣的代價

**🔍 事實發現：**
*   看到了一個勇敢的人面對困難。
*   發現神的信實貫穿整個故事。
*   注意到人物的轉變過程很戲劇化。

**💡 獨特亮光：**
*   👤 王雅琪：跟我以前理解的完全不同。
*   👤 陳小萱：這個發現讓我重新思考信仰。
*   👤 曾思穎：這個發現讓我重新思考信仰。
*   👤 郭佳穎：原來神的心意是這樣的。
*   👤 黃彥廷：跟我以前理解的完全不同。

**🎯 如何應用：**
*   找一個朋友分享這段經文。
---
**👤 個人貢獻摘要：**
*   **王雅琪：** 提出主題「逆轉勝的故事」，觀察到勇敢的人面對困難，並計劃找朋友分享經文。
*   **陳小萱：** 提出主題「逆轉勝的故事」，觀察到勇敢的人面對困難，並分享這讓她重新思考信仰。
*   **曾思穎：** 提出主題「逆轉勝的故事」，觀察到神的信實，並分享這讓她重新思考信仰。
*   **郭佳穎：** 提出主題「勇氣的代價」，觀察到人物轉變的戲劇化，並領會了神的心意。
*   **黃彥廷：** 提出主題「勇氣的代價」，觀察到人物轉變的戲劇化，並分享他的理解與以往不同。";2026-01-27 17:37:46.828893+00;COMPLETED
f8b1d800-3122-4175-a6d8-0f6bbfa077f2;03ad48a2-45a5-4f90-8e21-b263afc52cf1;group;9;"**組別：** 第 9 組
**組員：** 廖芷晴、郭俊宏、蔡冠宇、謝怡君、鄭明輝、劉子軒、許彥廷
**已分析筆記數：** 7/7
**查經經文：** 希 3:2-8
---
**📖 主題：**
*   恩典無限供應
*   從灰燼中重生
*   勇氣的代價
*   逆轉勝的故事

**🔍 事實發現：**
*   看到了一個勇敢的人面對困難。
*   注意到人物的轉變過程很戲劇化。

**💡 獨特亮光：**
*   👤 廖芷晴：跟我以前理解的完全不同。
*   👤 郭俊宏：Feeling the burn on this verse! 💪
*   👤 蔡冠宇：原來神的心意是這樣的。
*   👤 謝怡君：原來神的心意是這樣的。
*   👤 鄭明輝：跟我以前理解的完全不同。
*   👤 劉子軒：跟我以前理解的完全不同。
*   👤 許彥廷：原來神的心意是這樣的。

**🎯 如何應用：**
*   這週每天早起10分鐘禱告。
*   找一個朋友分享這段經文。
*   實踐一次服務他人的行動。
---
**👤 個人貢獻摘要：**
*   **廖芷晴：** 提出「恩典無限供應」主題，並分享其核心洞察與過去的理解完全不同。
*   **郭俊宏：** 提出「從灰燼中重生」主題，並分享對經文的感受。
*   **蔡冠宇：** 提出「勇氣的代價」主題，並計劃每天早起禱告來應用。
*   **謝怡君：** 提出「勇氣的代價」主題，並分享洞察到神的心意。
*   **鄭明輝：** 提出「恩典無限供應」主題，並分享其核心洞察與過去的理解完全不同。
*   **劉子軒：** 提出「逆轉勝的故事」主題，並計劃找朋友分享經文。
*   **許彥廷：** 提出「勇氣的代價」主題，並計劃透過服務他人來實踐。";2026-01-27 17:37:48.301658+00;COMPLETED
0df3b8c7-70f2-4343-a525-d210a9fe948b;03ad48a2-45a5-4f90-8e21-b263afc52cf1;group;11;"**組別：** 第 11 組
**組員：** 黃詩涵、周子軒、李婷婷、劉建華
**已分析筆記數：** 4/4
**查經經文：** 希 3:2-8
---
**📖 主題：**
*   信心的飛躍
*   從灰燼中重生

**🔍 事實發現：**
*   看到群眾的反應和耶穌形成對比。
*   看到了一個勇敢的人面對困難。
*   注意到人物的轉變過程很戲劇化。

**💡 獨特亮光：**
*   👤 黃詩涵：Feeling the burn on this verse! 💪
*   👤 周子軒：原來神的心意是這樣的。
*   👤 李婷婷：未填寫
*   👤 劉建華：原來神的心意是這樣的。

**🎯 如何應用：**
*   寫一封感謝信給神。
*   找一個朋友分享這段經文。

---
**👤 個人貢獻摘要：**
*   **黃詩涵：**提出主題「信心的飛躍」，觀察到群眾與耶穌的對比，並計劃寫感謝信給神。
*   **周子軒：**提出主題「信心的飛躍」，看到一個勇敢的人面對困難，並計劃找朋友分享經文。
*   **李婷婷：**提出主題「信心的飛躍」，並觀察到人物轉變過程的戲劇化。
*   **劉建華：**提出主題「從灰燼中重生」，觀察到人物轉變的戲劇化，並對神的心意有所領悟。";2026-01-27 17:37:48.483553+00;COMPLETED
ab9bc567-ff83-4e79-b1a3-d0f8520984a6;03ad48a2-45a5-4f90-8e21-b263afc52cf1;group;5;"**組別：** 第 5 組
**組員：** 楊雅琪、李家豪、周雅琪、許偉強
**已分析筆記數：** 4/4
**查經經文：** 希 3:2-8
---
**📖 主題：**
*   從灰燼中重生
*   恩典無限供應
*   逆轉勝的故事
*   信心的飛躍

**🔍 事實發現：**
*   神的信實貫穿整個故事。（楊雅琪、李家豪）
*   注意到人物的轉變過程很戲劇化。（周雅琪）
*   看到了一個勇敢的人面對困難。（許偉強）
*   注釋書提到當時的文化背景。（李家豪、周雅琪）
*   ChatGPT 說這段經文有三個重點。（許偉強）

**💡 獨特亮光：**
*   👤 楊雅琪：這句話深深觸動我的心。
*   👤 李家豪：第五節讓我心跳加速，這是一個警告（WARNING），跟我以前理解的完全不同。
*   👤 周雅琪：感覺神在直接對我說話，這是一個命令（COMMAND），""Feeling the burn on this verse! 💪""。
*   👤 許偉強：這是我今年最需要的提醒，這是一個應許（PROMISE），""Feeling the burn on this verse! 💪""。

**🎯 如何應用：**
*   寫一封感謝信給神。（李家豪、許偉強）
*   為家人禱告。（李家豪）
*   下週想繼續深入研究這個主題。（許偉強）

---
**👤 個人貢獻摘要：**
*   **楊雅琪：** 提出了主題「從灰燼中重生」，並觀察到神的信實。
*   **李家豪：** 提出了主題「恩典無限供應」，分享了關於警告的洞察，並計劃寫感謝信及為家人禱告。
*   **周雅琪：** 提出了主題「逆轉勝的故事」，分享了關於命令的洞察，並注意到人物的轉變。
*   **許偉強：** 提出了主題「信心的飛躍」，分享了關於應許的洞察，並計劃寫感謝信及繼續研究。";2026-01-27 17:37:52.538362+00;COMPLETED
0980b06f-477b-4155-9bf1-ae0426d69398;03ad48a2-45a5-4f90-8e21-b263afc52cf1;group;4;"**組別：** 第 4 組
**組員：** 郭佳慧、楊志偉、賴建華、曾欣怡
**已分析筆記數：** 4/4
**查經經文：** 希 3:2-8
---
**📖 主題：**
恩典無限供應、愛的冒險旅程、逆轉勝的故事。

**🔍 事實發現：**
看到了一個勇敢的人面對困難、注意到人物的轉變過程很戲劇化、發現神的信實貫穿整個故事。

**💡 獨特亮光：**
👤 郭佳慧：這是我今年最需要的提醒。
👤 楊志偉：第五節讓我心跳加速！
👤 賴建華：第五節讓我心跳加速！原來神的心意是這樣的。ChatGPT 說這段經文有三個重點...
👤 曾欣怡：第五節讓我心跳加速！

**🎯 如何應用：**
（未填寫）
---
**👤 個人貢獻摘要：**
**郭佳慧：** 提出主題「恩典無限供應」，觀察到一個勇敢的人面對困難，並分享經文是今年最需要的提醒。
**楊志偉：** 提出主題「愛的冒險旅程」，注意到人物轉變過程很戲劇化，並表示第五節讓他心跳加速。
**賴建華：** 提出主題「逆轉勝的故事」，分享了對神心意的洞察，並引用了 ChatGPT 的分析。
**曾欣怡：** 提出主題「愛的冒險旅程」，發現神的信實貫穿整個故事，並表示第五節讓她心跳加速。";2026-01-27 17:37:54.558342+00;COMPLETED
3ab16445-5e83-4e3b-abc8-71e013088c2e;03ad48a2-45a5-4f90-8e21-b263afc52cf1;group;3;"**組別：** 第 3 組
**組員：** 謝志明、蔡雅雯、黃建華、謝詩涵、郭明輝
**已分析筆記數：** 5/5
**查經經文：** 希 3:2-8
---
**📖 主題：**
勇氣的代價、恩典無限供應、逆轉勝的故事。

**🔍 事實發現：**
*   注意到人物的轉變過程很戲劇化。
*   看到群眾的反應和耶穌形成對比。
*   看到了一個勇敢的人面對困難。
*   發現神的信實貫穿整個故事。
*   注釋書提到當時的文化背景。

**💡 獨特亮光：**
*   👤 謝志明：跟我以前理解的完全不同。
*   👤 蔡雅雯：未填寫
*   👤 黃建華：跟我以前理解的完全不同。
*   👤 謝詩涵：未填寫
*   👤 郭明輝：未填寫

**🎯 如何應用：**
這週每天早起10分鐘禱告、為家人禱告。
---
**👤 個人貢獻摘要：**
*   **謝志明：**提出主題「勇氣的代價」，觀察到人物轉變的戲劇性，並計劃每天早起為家人禱告。
*   **蔡雅雯：**提出主題「恩典無限供應」，並觀察到群眾與耶穌的反應對比。
*   **黃建華：**提出主題「勇氣的代價」，觀察到勇敢的人面對困難，並分享了注釋書的文化背景。
*   **謝詩涵：**提出主題「逆轉勝的故事」，並觀察到神的信實貫穿整個故事。
*   **郭明輝：**提出主題「恩典無限供應」，並觀察到群眾與耶穌的反應對比。";2026-01-27 17:37:53.970289+00;COMPLETED
f8ad1bee-4b8e-4a58-9b81-2d46a4368d6b;03ad48a2-45a5-4f90-8e21-b263afc52cf1;group;10;"**組別：** 第 10 組
**組員：** 張明輝、黃俊傑、陳雅雯、蔡雅琪
**已分析筆記數：** 4/4
**查經經文：** 希 3:2-8
---
**📖 主題：**
愛的冒險旅程、勇氣的代價、從灰燼中重生

**🔍 事實發現：**
發現神的信實貫穿整個故事、注意到人物的轉變過程很戲劇化、看到了一個勇敢的人面對困難。

**💡 獨特亮光：**
👤 張明輝：這個發現讓我重新思考信仰。
👤 黃俊傑：跟我以前理解的完全不同。
👤 陳雅雯：跟我以前理解的完全不同。
👤 蔡雅琪：這個發現讓我重新思考信仰。

**🎯 如何應用：**
實踐一次服務他人的行動、寫一封感謝信給神、這週每天早起10分鐘禱告。
---
**👤 個人貢獻摘要：**
**張明輝：** 提出主題「愛的冒險旅程」，觀察到神的信實，並計劃服務他人。
**黃俊傑：** 提出主題「勇氣的代價」，並觀察到人物轉變的戲劇化過程。
**陳雅雯：** 分享了對神的信實的觀察，並計劃寫感謝信給神。
**蔡雅琪：** 提出主題「從灰燼中重生」，並計劃每天早起禱告。";2026-01-27 17:37:56.788895+00;COMPLETED
a09f42d6-4701-459d-be8c-cffd66228dc9;03ad48a2-45a5-4f90-8e21-b263afc52cf1;group;7;"**組別：** 第 7 組
**組員：** 張建華、鄭佳慧、郭文傑、洪雨晴
**已分析筆記數：** 4/4
**查經經文：** 希 3:2-8
---
**📖 主題：**
恩典無限供應、勇氣的代價、信心的飛躍

**🔍 事實發現：**
*   看到群眾的反應和耶穌形成對比。
*   發現神的信實貫穿整個故事。
*   看到了一個勇敢的人面對困難。
*   注釋書提到當時的文化背景。
*   學者們對這段經文有不同的解讀。

**💡 獨特亮光：**
*   👤 張建華：看到群眾的反應和耶穌形成對比。
*   👤 鄭佳慧：發現神的信實貫穿整個故事。
*   👤 郭文傑：跟我以前理解的完全不同。
*   👤 洪雨晴：看到了一個勇敢的人面對困難。

**🎯 如何應用：**
*   寫一封感謝信給神。
*   發現自己需要更多安靜的時間。
---
**👤 個人貢獻摘要：**
*   **張建華：**提出主題「恩典無限供應」，並觀察到群眾反應與耶穌的對比。
*   **鄭佳慧：**提出主題「勇氣的代價」，觀察到神的信實，並計劃寫感謝信及增加安靜時間。
*   **郭文傑：**提出主題「恩典無限供應」，並分享他的理解與以往完全不同。
*   **洪雨晴：**提出主題「信心的飛躍」，並觀察到一個勇敢面對困難的人。";2026-01-27 17:37:57.01799+00;COMPLETED
433348db-6917-41d9-a92f-0441a092bbc4;03ad48a2-45a5-4f90-8e21-b263afc52cf1;group;1;"**組別：** 第 1 組
**組員：** 郭美玲、松小貓、周芷晴、楊雅琪、許佳慧
**已分析筆記數：** 5/5
**查經經文：** 希 3:2-8
---
**📖 主題：**
*   逆轉勝的故事
*   信心的飛躍
*   從灰燼中重生
*   愛的冒險旅程
*   恩典無限供應

**🔍 事實發現：**
*   發現神的信實貫穿整個故事。
*   看到了一個勇敢的人面對困難。
*   看到群眾的反應和耶穌形成對比。

**💡 獨特亮光：**
*   👤 郭美玲：對經文很有感觸。
*   👤 松小貓：跟以前理解的完全不同。
*   👤 周芷晴：原來神的心意是這樣的。
*   👤 楊雅琪：對經文很有感觸。
*   👤 許佳慧：這是今年最需要的提醒。

**🎯 如何應用：**
*   👤 周芷晴：這週每天早起10分鐘禱告，並為家人禱告。
*   👤 郭美玲：未填寫
*   👤 松小貓：未填寫
*   👤 楊雅琪：未填寫
*   👤 許佳慧：未填寫
---
**👤 個人貢獻摘要：**
*   **郭美玲：** 提出主題「逆轉勝的故事」，觀察到神的信實，並對經文很有感觸。
*   **松小貓：** 提出主題「信心的飛躍」，觀察到一個勇敢的人，並表示對經文有了全新理解。
*   **周芷晴：** 提出主題「從灰燼中重生」，觀察到群眾與耶穌的對比，並計劃每天早起禱告。
*   **楊雅琪：** 提出主題「愛的冒險旅程」，觀察到群眾與耶穌的對比，並對經文很有感觸。
*   **許佳慧：** 提出主題「恩典無限供應」，觀察到神的信實，並認為經文是今年最需要的提醒。";2026-01-27 17:37:57.356687+00;COMPLETED
72157d21-5446-4832-a7b1-cbd966f9121c;53f0309e-7cf8-4cfe-99c2-2c958e4bdc80;group;3;"**組別：** 第 3 組
**組員：** 張瑋婷、陳小米
**已分析筆記數：** 2/2
**查經經文：** 路加 2:41-52
---
**📖 主題：**
智慧人生、當以父的事為念

**🔍 事實發現：**
神會開啟我們的智慧。從放心到焦急的父母、始終淡定的耶穌、驚嘆的殿中教師。

**💡 獨特亮光：**
👤 張瑋婷：應許跟隨神的人，有智慧。
👤 陳小米：因為以神的事為念，耶穌的智慧和身量（或作：年紀），並神和人喜愛他的心，都一齊增長。

**🎯 如何應用：**
好好禱告。每天早晨靈修禱告，以父的事為念，並隨時禱告、隨時仰望。
---
**👤 個人貢獻摘要：**
**張瑋婷：** 筆記提到跟隨神的人會得著智慧，並計畫要好好禱告。
**陳小米：** 筆記強調以父的事為念是耶穌全方位增長的關鍵，並計畫透過每日靈修禱告來實踐。";2026-01-28 09:13:18.411822+00;COMPLETED
5c9d0adb-a8a6-4853-8e3c-c7559774b5f9;53f0309e-7cf8-4cfe-99c2-2c958e4bdc80;group;1;"**組別：** 第 1 組
**組員：** 小碧Fion、I'm michelle
**已分析筆記數：** 2/2
**查經經文：** 路加 2:41-52
---
**📖 主題：**
耶穌12歲的事與祂順從上帝的心意。

**🔍 事實發現：**
*   耶穌的父母找不到祂，就回到耶路撒冷的殿中。
*   凡聽見的人，都稀奇耶穌的聰明和祂的應對。

**💡 獨特亮光：**
*   👤 小碧Fion：耶穌以我父的事為念，撇下擔憂。祂的智慧與身量，並神和人喜愛祂的心，都一齊增長。
*   👤 I'm michelle：耶穌說「豈不知我應當以我父的事為念嗎」，祂以上帝為念，也順從地上的父母。

**🎯 如何應用：**
*   更多默想神的話語，好更明白聖經。
*   以上帝的話為優先。
---
**👤 個人貢獻摘要：**
*   **小碧Fion：** 提出耶穌以父的事為念，並指出祂的智慧、身量與被喜愛的心都一齊增長，應用是更多默想神的話語。
*   **I'm michelle：** 聚焦耶穌「以我父的事為念」的順從，同時也順從地上父母，應用是將上帝的話語作為優先。";2026-01-28 09:13:21.212118+00;COMPLETED
396d485d-49e1-4c7c-80bf-2b17349d304f;53f0309e-7cf8-4cfe-99c2-2c958e4bdc80;group;2;"好的，這份報告將根據您提供的筆記內容進行忠實整理。

**組別：** 第 2 組
**組員：** Elma Shen、Anne Lee
**已分析筆記數：** 2/2
**查經經文：** 路加 2:41-52
---
**📖 主題：**
耶穌走失的紀錄，以及祂以父的事為念的權柄對焦。

**🔍 事實發現：**
經文中出現的人物與地點包含：耶穌、約瑟、馬利亞、族人、耶路撒冷的聖殿。

**💡 獨特亮光：**
*   👤 Elma Shen：耶穌知道自己需要顧念的事不是地上的事，顯示了神的智慧在他當中，也更多的尋求、讓神喜愛。
*   👤 Anne Lee：向神對齊，智慧就會成長。

**🎯 如何應用：**
學習耶穌，讓人與神都喜愛，並檢視生命中有沒有要向神對齊的地方。
---
**👤 個人貢獻摘要：**
*   **Elma Shen：** 提出耶穌顧念的不是地上的事，並期許學習耶穌，讓神和人都喜愛。
*   **Anne Lee：** 提出向神對齊能使智慧成長，並要檢視生命中需要對齊之處。";2026-01-28 09:13:24.623033+00;COMPLETED
6e0fb50e-09f4-4336-b96f-1deb709684a1;53f0309e-7cf8-4cfe-99c2-2c958e4bdc80;overall;0;"好的，這是一份根據您提供的所有查經筆記生成的跨組綜合分析報告。

**📊 全會眾綜合分析**
**參與組別：** 共 3 組（第1組: 2人、第2組: 2人、第3組: 2人）
**總參與人數：** 6 人
**查經經文：** 路加 2:41-52
---
**🎯 跨組共識（多組提及的主題）：**
• **以父的事為念：** 第 1, 2, 3 組都明確指出，耶穌的核心動機是「以我父的事為念」。這被視為祂行事的優先順序，超越了地上的擔憂。

• **智慧與身量的增長：** 第 1, 2, 3 組的多位成員都選擇第52節（耶穌的智慧和身量...都一齊增長）為心跳經節。各組普遍認為，耶穌的全方位成長，與祂專注於天父的事有直接關聯。

**🔍 各組獨特發現：**
• **第 1 組特別關注：** 耶穌在順服天父的同時，也順服地上的父母。成員 I'm michelle 觀察到，耶穌在表明自己應以父的事為念後，仍然「順從」地上的父母。

• **第 2 組獨特觀點：** 將耶穌的行為詮釋為「權柄的對焦，而非叛逆」。成員 Anne Lee 認為，耶穌的行動不是青春期的叛逆，而是將生命的焦點從地上的父母對齊到天父的權柄上。

• **第 3 組獨特發現：** 強調了耶穌智慧的外在彰顯與影響。成員張瑋婷特別留意第47節，指出凡聽見耶穌應對的人都感到「稀奇」，並將此視為神賜智慧給跟隨者的應許。

**💡 精選亮光（各組代表性洞見）：**
• 👤 Anne Lee（第 2 組）：「向神對齊 智慧就會成長。」
• 👤 I'm michelle（第 1 組）：「耶穌以上帝為念，也順從地上父母。」
• 👤 陳小米（第 3 組）：「因為以神的事為念，耶穌的智慧和身量（或作：年紀），並神和人喜愛他的心，都一齊增長。」
• 👤 張瑋婷（第 3 組）：「應許跟隨神的人，有智慧。」

**🎯 綜合應用建議：**
基於各組分享，可以將「以父的事為念」落實在生活中：
1.  **建立屬靈習慣：** 透過每日早晨的靈修禱告（陳小米）、好好禱告（張瑋婷），將優先順序定睛於神。
2.  **對齊神的話語：** 更多默想神的話語（小碧Fion），並將其作為行事優先（I'm michelle），檢視生命中有沒有需要向神對齊的地方（Anne Lee）。
3.  **學習順服：** 學習耶穌，在專注神心意的同時，也學習在家庭和關係中的順服（I'm michelle）。

**📈 參與度統計：**
| 組別 | 人數 | 填寫率 |
|------|------|--------|
| 第 1 組 | 2 | 2/2 |
| 第 2 組 | 2 | 2/2 |
| 第 3 組 | 2 | 2/2 |";2026-01-28 09:16:26.473366+00;COMPLETED